-- MySQL dump 10.13  Distrib 8.0.32, for macos13.0 (arm64)
--
-- Host: localhost    Database: DSA_JP
-- ------------------------------------------------------
-- Server version	8.0.32

/*!40101 SET @OLD_CHARACTER_SET_CLIENT=@@CHARACTER_SET_CLIENT */;
/*!40101 SET @OLD_CHARACTER_SET_RESULTS=@@CHARACTER_SET_RESULTS */;
/*!40101 SET @OLD_COLLATION_CONNECTION=@@COLLATION_CONNECTION */;
/*!50503 SET NAMES utf8mb4 */;
/*!40103 SET @OLD_TIME_ZONE=@@TIME_ZONE */;
/*!40103 SET TIME_ZONE='+00:00' */;
/*!40014 SET @OLD_UNIQUE_CHECKS=@@UNIQUE_CHECKS, UNIQUE_CHECKS=0 */;
/*!40014 SET @OLD_FOREIGN_KEY_CHECKS=@@FOREIGN_KEY_CHECKS, FOREIGN_KEY_CHECKS=0 */;
/*!40101 SET @OLD_SQL_MODE=@@SQL_MODE, SQL_MODE='NO_AUTO_VALUE_ON_ZERO' */;
/*!40111 SET @OLD_SQL_NOTES=@@SQL_NOTES, SQL_NOTES=0 */;

--
-- Current Database: `DSA_JP`
--

CREATE DATABASE /*!32312 IF NOT EXISTS*/ `DSA_JP` /*!40100 DEFAULT CHARACTER SET utf8mb4 COLLATE utf8mb4_0900_ai_ci */ /*!80016 DEFAULT ENCRYPTION='N' */;

USE `DSA_JP`;

--
-- Table structure for table `Bus`
--

DROP TABLE IF EXISTS `Bus`;
/*!40101 SET @saved_cs_client     = @@character_set_client */;
/*!50503 SET character_set_client = utf8mb4 */;
CREATE TABLE `Bus` (
  `BusID` int unsigned NOT NULL AUTO_INCREMENT,
  `Name` varchar(100) NOT NULL,
  `Type` int NOT NULL DEFAULT '1',
  `StartBusStopID` int unsigned NOT NULL,
  `EndBusStopID` int unsigned NOT NULL,
  PRIMARY KEY (`BusID`),
  UNIQUE KEY `Bus_UN` (`Name`),
  UNIQUE KEY `Bus_UN2` (`BusID`),
  KEY `Bus_FK` (`StartBusStopID`),
  KEY `Bus_FK_1` (`EndBusStopID`),
  CONSTRAINT `Bus_FK` FOREIGN KEY (`StartBusStopID`) REFERENCES `BusStop` (`BusStopID`) ON DELETE CASCADE ON UPDATE CASCADE,
  CONSTRAINT `Bus_FK_1` FOREIGN KEY (`EndBusStopID`) REFERENCES `BusStop` (`BusStopID`) ON DELETE CASCADE ON UPDATE CASCADE
) ENGINE=InnoDB AUTO_INCREMENT=11 DEFAULT CHARSET=utf8mb4 COLLATE=utf8mb4_0900_ai_ci;
/*!40101 SET character_set_client = @saved_cs_client */;

--
-- Dumping data for table `Bus`
--

LOCK TABLES `Bus` WRITE;
/*!40000 ALTER TABLE `Bus` DISABLE KEYS */;
INSERT INTO `Bus` VALUES (1,'P101',2,1,1),(2,'P106',2,19,19),(3,'P202',2,52,52),(4,'P403',2,79,79),(5,'P102-01',1,19,11),(6,'P102-02',1,11,19),(7,'P211-01',1,52,1),(8,'P211-02',1,1,52),(9,'P411-01',1,145,1),(10,'P411-02',1,1,145);
/*!40000 ALTER TABLE `Bus` ENABLE KEYS */;
UNLOCK TABLES;

--
-- Table structure for table `BusRoute`
--

DROP TABLE IF EXISTS `BusRoute`;
/*!40101 SET @saved_cs_client     = @@character_set_client */;
/*!50503 SET character_set_client = utf8mb4 */;
CREATE TABLE `BusRoute` (
  `RouteID` int unsigned NOT NULL AUTO_INCREMENT,
  `BusID` int unsigned NOT NULL,
  `BusStopID` int unsigned NOT NULL,
  `StopOrder` int NOT NULL DEFAULT '0',
  PRIMARY KEY (`RouteID`),
  UNIQUE KEY `BusRoute_UN` (`RouteID`),
  KEY `BusRoute_FK` (`BusID`),
  KEY `BusRoute_FK_1` (`BusStopID`),
  CONSTRAINT `BusRoute_FK` FOREIGN KEY (`BusID`) REFERENCES `Bus` (`BusID`) ON DELETE CASCADE ON UPDATE CASCADE,
  CONSTRAINT `BusRoute_FK_1` FOREIGN KEY (`BusStopID`) REFERENCES `BusStop` (`BusStopID`) ON DELETE CASCADE ON UPDATE CASCADE
) ENGINE=InnoDB AUTO_INCREMENT=241 DEFAULT CHARSET=utf8mb4 COLLATE=utf8mb4_0900_ai_ci;
/*!40101 SET character_set_client = @saved_cs_client */;

--
-- Dumping data for table `BusRoute`
--

LOCK TABLES `BusRoute` WRITE;
/*!40000 ALTER TABLE `BusRoute` DISABLE KEYS */;
INSERT INTO `BusRoute` VALUES (1,1,1,-1),(2,1,2,1),(3,1,3,2),(4,1,4,3),(5,1,5,4),(6,1,6,5),(7,1,7,6),(8,1,8,7),(9,1,9,8),(10,1,10,9),(11,1,11,10),(12,1,12,11),(13,1,13,12),(14,1,14,13),(15,1,15,14),(16,1,16,15),(17,1,17,16),(18,1,18,17),(19,2,19,-1),(20,2,20,1),(21,2,21,2),(22,2,22,3),(23,2,23,4),(24,2,24,5),(25,2,25,6),(26,2,26,7),(27,2,27,8),(28,2,28,9),(29,2,29,10),(30,2,30,11),(31,2,31,12),(32,2,32,13),(33,2,33,14),(34,2,34,15),(35,2,35,16),(36,2,36,17),(37,2,37,18),(38,2,38,19),(39,2,39,20),(40,2,40,21),(41,2,41,22),(42,2,42,23),(43,2,43,24),(44,2,44,25),(45,2,45,26),(46,2,46,27),(47,2,47,28),(48,2,48,29),(49,2,49,30),(50,2,50,31),(51,2,51,32),(52,3,52,-1),(53,3,53,1),(54,3,54,2),(55,3,55,3),(56,3,56,4),(57,3,57,5),(58,3,58,6),(59,3,59,7),(60,3,60,8),(61,3,61,9),(62,3,62,10),(63,3,63,11),(64,3,64,12),(65,3,65,13),(66,3,66,14),(67,3,67,15),(68,3,68,16),(69,3,69,17),(70,3,70,18),(71,3,71,19),(72,3,72,20),(73,3,73,21),(74,3,74,22),(75,3,75,23),(76,3,76,24),(77,3,77,25),(78,3,78,26),(79,4,79,-1),(80,4,80,1),(81,4,81,2),(82,4,82,3),(83,4,83,4),(84,4,84,5),(85,4,85,6),(86,4,86,7),(87,4,87,8),(88,4,88,9),(89,4,89,10),(90,4,90,11),(91,4,91,12),(92,4,92,13),(93,4,67,14),(94,4,68,15),(95,4,69,16),(96,4,70,17),(97,4,93,18),(98,4,94,19),(99,4,95,20),(100,4,96,21),(101,4,97,22),(102,5,19,1),(103,5,98,2),(104,5,99,3),(105,5,100,4),(106,5,101,5),(107,5,102,6),(108,5,103,7),(109,5,104,8),(110,5,11,9),(111,6,11,1),(112,6,12,2),(113,6,13,3),(114,6,105,4),(115,6,106,5),(116,6,107,6),(117,6,108,7),(118,6,20,8),(119,6,21,9),(120,6,50,10),(121,6,51,11),(122,6,19,12),(123,7,52,1),(124,7,109,2),(125,7,110,3),(126,7,111,4),(127,7,112,5),(128,7,113,6),(129,7,114,7),(130,7,115,8),(131,7,116,9),(132,7,91,10),(133,7,92,11),(134,7,117,12),(135,7,118,13),(136,7,119,14),(137,7,120,15),(138,7,121,16),(139,7,122,17),(140,7,123,18),(141,7,124,19),(142,7,125,20),(143,7,126,21),(144,7,127,22),(145,7,128,23),(146,7,129,24),(147,7,1,25),(148,8,1,1),(149,8,2,2),(150,8,130,3),(151,8,131,4),(152,8,132,5),(153,8,133,6),(154,8,134,7),(155,8,135,8),(156,8,136,9),(157,8,137,10),(158,8,138,11),(159,8,139,12),(160,8,140,13),(161,8,67,14),(162,8,68,15),(163,8,69,16),(164,8,70,17),(165,8,141,18),(166,8,73,19),(167,8,110,20),(168,8,111,21),(169,8,112,22),(170,8,113,23),(171,8,114,24),(172,8,142,25),(173,8,143,26),(174,8,144,27),(175,8,52,28),(176,9,145,1),(177,9,146,2),(178,9,147,3),(179,9,148,4),(180,9,149,5),(181,9,150,6),(182,9,151,7),(183,9,152,8),(184,9,153,9),(185,9,154,10),(186,9,87,11),(187,9,88,12),(188,9,89,13),(189,9,90,14),(190,9,91,15),(191,9,92,16),(192,9,117,17),(193,9,118,18),(194,9,119,19),(195,9,120,20),(196,9,121,21),(197,9,122,22),(198,9,123,23),(199,9,124,24),(200,9,125,25),(201,9,126,26),(202,9,127,27),(203,9,128,28),(204,9,129,29),(205,9,1,30),(206,10,1,1),(207,10,2,2),(208,10,130,3),(209,10,131,4),(210,10,132,5),(211,10,133,6),(212,10,134,7),(213,10,135,8),(214,10,136,9),(215,10,137,10),(216,10,138,11),(217,10,139,12),(218,10,140,13),(219,10,67,14),(220,10,68,15),(221,10,69,16),(222,10,70,17),(223,10,93,18),(224,10,94,19),(225,10,95,20),(226,10,96,21),(227,10,155,22),(228,10,156,23),(229,10,157,24),(230,10,158,25),(231,10,159,26),(232,10,160,27),(233,10,161,28),(234,10,162,29),(235,10,163,30),(236,10,164,31),(237,10,165,32),(238,10,166,33),(239,10,167,34),(240,10,145,35);
/*!40000 ALTER TABLE `BusRoute` ENABLE KEYS */;
UNLOCK TABLES;

--
-- Table structure for table `BusStop`
--

DROP TABLE IF EXISTS `BusStop`;
/*!40101 SET @saved_cs_client     = @@character_set_client */;
/*!50503 SET character_set_client = utf8mb4 */;
CREATE TABLE `BusStop` (
  `BusStopID` int unsigned NOT NULL AUTO_INCREMENT,
  `Name` varchar(500) NOT NULL,
  `Latitude` double NOT NULL,
  `Longitude` double NOT NULL,
  PRIMARY KEY (`BusStopID`),
  UNIQUE KEY `BusStop_UN` (`Name`),
  UNIQUE KEY `BusStop_UN2` (`BusStopID`)
) ENGINE=InnoDB AUTO_INCREMENT=168 DEFAULT CHARSET=utf8mb4 COLLATE=utf8mb4_0900_ai_ci;
/*!40101 SET character_set_client = @saved_cs_client */;

--
-- Dumping data for table `BusStop`
--

LOCK TABLES `BusStop` WRITE;
/*!40000 ALTER TABLE `BusStop` DISABLE KEYS */;
INSERT INTO `BusStop` VALUES (1,'Larkin Terminal',1.4964559999542668,103.74374661113058),(2,'Pejabat Daerah Tanah Johor Bahru',1.491850778809332,103.74087255093272),(3,'RTM Jabatan Penyiaran Negeri Johor',1.4801823177394162,103.7368168221016),(4,'Opp Masjid Kolam Ayer',1.4689940555974177,103.7368740086021),(5,'Opp Jabatan Pendidikan Johor',1.4675510557185905,103.73673088953657),(6,'Maktab Sultan Abu Bakar (English College',1.4627466510403129,103.73965194475493),(7,'Hospital Sultanah Aminah',1.4575742843315376,103.74670675307506),(8,'Johor Islamic Complex',1.456742090233385,103.74938268472616),(9,'Bangunan Sultan Ibrahim',1.4598336266506124,103.76216068221784),(10,'Wisma Persekutuan',1.4609620562865593,103.75782511045665),(11,'Majlis Bandaraya Johor Bahru',1.4555985388016415,103.76176881099856),(12,'JB Sentral Terminal',1.4635691591027955,103.76499694129318),(13,'Menara MSC Cyberport',1.4622515143439279,103.77198033612271),(14,'Opp Sekolah Kebangsaan Perempuan Jalan Yahya Awal',1.4728712972429236,103.74885185047674),(15,'Petronas Kiosk @ Jalan Yahya Awal',1.4753718119884702,103.7479248341084),(16,'Opp SJK (T) Jalan Yahya Awal',1.478736856876273,103.74753116069688),(17,'aft Jalan Tasek Utara',1.4810361535128787,103.74738498637815),(18,'Opp Yayasan Bandaraya Johor Bahru',1.4843491421227393,103.74925303801986),(19,'Hub PPR Sri Stulang',1.495066778509724,103.78766489813552),(20,'aft Jalan Pasir Pelangi',1.4961999552580305,103.7842123533323),(21,'Petronas Kiosk @ Taman Bayu Puteri',1.4971903071581996,103.78956720733493),(22,'BHPetrol Kiosk @ Permas Jaya',1.4942010877822336,103.81293468220896),(23,'AEON Permas Jaya',1.4960852287704014,103.81969568579773),(24,'Dewan Serbaguna Permas Jaya',1.4977243949059944,103.82415696808461),(25,'Mon Glori Apartment',1.500135152236701,103.82219739383686),(26,'Opp Best Ku Motor',1.5210770997516314,103.820602817106),(27,'Opp Kia Motors',1.5263136695996888,103.81667548941742),(28,'bef Jalan Masai Baru',1.5234081864988613,103.81300609325264),(29,'Lotus Plentong (Tesco Extra)',1.5208503941324885,103.81512393616983),(30,'aft Jalan Masai Baru',1.5233928073879512,103.81260417664944),(31,'Giant Plentong',1.5278964005623548,103.81601426255317),(32,'Hse No. 1 Jalan Seroja 22',1.5310476061988132,103.8145170588567),(33,'Opp Jalan Keembong 43',1.5333407999575837,103.80570189815187),(34,'Jalan Seroja 54',1.5370755247775638,103.79990688093852),(35,'Jalan Bakawali 86',1.5383792496951987,103.79904754232605),(36,'Opp Pasar Awam Johor Jaya',1.5442854061651363,103.79952183431531),(37,'AEON Tebrau City',1.551607288125913,103.79669251653316),(38,'Hospital Sultan Ismail',1.5499616635265265,103.7903773386306),(39,'Hospital Sultan Ismail 2',1.5461347994301888,103.78920168581082),(40,'Opp Suntoyo Enterprise',1.5341435435769857,103.80433427473359),(41,'Kia Motors',1.526168775593852,103.8171041865054),(42,'Best Ku Motor',1.521229194565067,103.82080505021621),(43,'House No. 63 Jalan Permas 1/1',1.5148264261333237,103.81827810186249),(44,'Jalan Permas 5/6',1.5038237251409665,103.8176464576763),(45,'Sekolah Kebangsaan Taman Permas Jaya 3',1.5001862028022683,103.8204708549044),(46,'Pan Vista',1.5001335277464176,103.82219863061796),(47,'aft Jalan Permas 8/14',1.5001599109500323,103.82588336441847),(48,'Opp BHPetrol Kiosk @ Permas Jaya',1.4938852204096618,103.81312044545798),(49,'bef Shell Kiosk @ Permas Jaya',1.4923948683016146,103.80490543187601),(50,'Opp Petronas Kiosk @ Taman Bayu Puteri',1.4968842607355726,103.78946726500905),(51,'PPR Sri Stulang',1.495216173514998,103.78930285504046),(52,'Taman Universiti Terminal',1.5386151368910133,103.62871889454172),(53,'opp Sekolah Kebangsaan Taman Universiti 4',1.534308506240654,103.62710937673535),(54,'Surau As Syakirin',1.5300540567469194,103.62919660110482),(55,'Opp SMK Taman Mutiara Rini',1.5245751999325976,103.63517558879529),(56,'Opp Jalan Utama 34',1.5209523625266286,103.6382563336594),(57,'Opp Hutan Bandar MBIP',1.511956346715004,103.63465643183984),(58,'Shop No. 81 Jalan Seri Orkid 17',1.5101921953830588,103.64217620731986),(59,'Opp Bahagian Teknologi Pendidikan Negeri Johor',1.5175625167281073,103.64918489637948),(60,'Union Inn',1.5158966494768213,103.65719490175148),(61,'Shophouses @ Jalan Nakhoda 2',1.51794055733978,103.65911972380891),(62,'bef Terminal TUTA',1.5197638759318781,103.66085007960669),(63,'Polilkinik Yap',1.5225300824672,103.66338557173337),(64,'bef Jalan Tun Teja',1.5243236689609123,103.66502786371659),(65,'Shophouses @ Jalan Perwira 9',1.5276000687198807,103.66490681659525),(66,'Sin Kok Soon Motor (JB) Sdn Bhd',1.5295849000522657,103.66525083069143),(67,'aft Jalan Patin',1.5350511809872578,103.66474654589447),(68,'SJK(C) Pu Sze',1.5365257998200346,103.66343750790784),(69,'aft Shell Kiosk - Skudai',1.5397247249617794,103.66050127115842),(70,'Shell Kiosk @ Taman Sri Putri',1.5449034370227417,103.65727484903925),(71,'Masjid Abidin',1.5429731311255839,103.65085627727618),(72,'Shophouses along Jalan Tembaga Kuning 4',1.544925677392113,103.6527194257566),(73,'Shophouses @ Jalan Suasa 1',1.549647043669743,103.65179955454633),(74,'bef Jalan Hamoni 14',1.5445769961776104,103.64397333250112),(75,'Opp Apartment Pasti Asli',1.5412268239025178,103.6412379663487),(76,'Opp Surau As Syakirin',1.5297380248680652,103.62928263558307),(77,'Sekolah Kebangsaan Taman Universiti 4',1.534463375001581,103.62709807102706),(78,'Jalan Kebudayaan 27 / 24 Intersection',1.535736987403005,103.6281658048895),(79,'Econsave Senai',1.6110068446478472,103.65629332000914),(80,'Opp Pusat Hemodialisis Rotary Kulai',1.6125013180073793,103.65816892145304),(81,'Opp Taman Bintang',1.6145424343173105,103.658532012215),(82,'Kawasan Perindustrian Senai 3',1.6261343968296889,103.65631508831991),(83,'Senai Airport Terminal',1.6349379250179437,103.66630691168017),(84,'NSTP Senai',1.6283976940465283,103.65689819511196),(85,'Taman Bintang',1.615570955439796,103.65883089562581),(86,'Taman Mewah',1.6093409706514916,103.65682082209246),(87,'Medan Selera Senai',1.6013846087875712,103.64515677546767),(88,'Opp Sekolah Kebangsaan Senai',1.596764420712483,103.64559102580564),(89,'Opp BHPetrol Kiosk @ Taman Aman',1.5910215647537664,103.64796686012346),(90,'aft Lebuhraya Utara-Selatan',1.5710682887829601,103.66094006994001),(91,'Opp Shell Kiosk @ Taman Sri Putri',1.5446071130881212,103.65778209077513),(92,'Skudai Parade',1.541540224027169,103.65954500502208),(93,'aft Tenaga Nasional Bhd Substation',1.554106991277451,103.65853254841942),(94,'bef BHPetrol Kiosk @ Taman Aman',1.5906962752714202,103.64770108827454),(95,'bef Sekolah Kebangsaan Senai',1.595899319482502,103.64536899139767),(96,'Opp Medan Selera Senai',1.6002634055808034,103.64459319263067),(97,'bef Econsave @ Senai',1.6102010601670786,103.65715287633772),(98,'bef Jalan Sultanah Aminah',1.4918540438972152,103.78522939384607),(99,'Shell Kiosk @ Jalan Pasir Pelangi',1.490657221092022,103.7858710502786),(100,'Stulang Walk',1.473219175868682,103.77987903309756),(101,'Block 18',1.4712543517887378,103.78119274105374),(102,'Opp De\' Stulang',1.4694586265386058,103.7816131693062),(103,'Opp Sekolah Menengah Foon Yew',1.4670599696628617,103.77888348421564),(104,'R&F Mall',1.4604109500292848,103.76940139190562),(105,'Sekolah Menengah Foon Yew',1.4676191769542326,103.77928432996893),(106,'De\' Stulang',1.4695342095051989,103.78163137912482),(107,'Opp Istana Pasir Pelangi',1.47802564822168,103.78087113857356),(108,'The Mall, Mid Valley Southkey',1.5005936801337696,103.77679017331387),(109,'Aeon Taman Universiti',1.5423777121603113,103.62969894227055),(110,'UTM Fakulti Alam Bina',1.5598595502801802,103.63478382209261),(111,'Opp Block D10',1.5627697345949043,103.63645243799397),(112,'Opp C.I.C.T.',1.5627095018015627,103.63914999722523),(113,'Block P07 - Fakulti Kejuruteraan Elektrik',1.5604593962896607,103.64164333508509),(114,'aft Block P19A - Fakulti Kejuruteraan Elektrik',1.558167973564592,103.64021955093295),(115,'UTM Equine Park',1.5553378482590166,103.6410112229101),(116,'UTM Rumah Alumni',1.5533050263979893,103.6427117938282),(117,'Opp SJK (C) Kuo Kuang',1.528201281584724,103.67097274711804),(118,'bef Paradigm Mall',1.51926239182888,103.68206611709597),(119,'Paradigm Mall',1.514813892563429,103.6852375606564),(120,'Opp Saksama Otomobil',1.5121383386574008,103.68706591589486),(121,'Opp Petron Kiosk @ Taman Tampoi Indah',1.5088584686178155,103.68928902381539),(122,'Kompleks Pekan Rabu Johor Bahru',1.5008855908671468,103.69599314953071),(123,'Giant Tampoi',1.498877450327011,103.69886295948693),(124,'aft Lorong Betik',1.4969289341746932,103.70179963586516),(125,'Batu 5 Johor Street Market',1.4957308782478185,103.70353570332152),(126,'Plaza Angsana',1.494173589831715,103.70574439346098),(127,'Klinik Utama @ Jalan Padi 1',1.489587186962772,103.71219076437811),(128,'Opp Amitabha Centre',1.4871255056128097,103.72438547599789),(129,'Opp Shell Kiosk @ Jalan Tun Abdul Razak',1.4887834830210198,103.72764307910049),(130,'aft Shell Kiosk @ Jalan Tun Abdul Razak',1.4884998356693775,103.72760379017922),(131,'Amitabha Centre',1.4867890112545767,103.72429767112283),(132,'CIMB Bank',1.4888638795941063,103.71242062086549),(133,'Klinik Kesihatan Tampoi',1.4925296181173713,103.70708612019975),(134,'bef Shell Kiosk @ Kampung Pasir',1.4925322994125712,103.70707002694427),(135,'SK Kampung Pasir',1.4989947483511965,103.6980312919993),(136,'Opp Pulai View Condo',1.500912032218495,103.69531386622876),(137,'bef KIP Mart',1.5082150994789085,103.68916128086431),(138,'Opp Paradigm Mall',1.516395250789313,103.6837138895428),(139,'bef McDonald\'s',1.5230889877416085,103.67895937664424),(140,'SJK (C) Kuo Kuang',1.5280473244911534,103.67046271528375),(141,'aft Jalan Sri Skudai',1.548816799334225,103.65409455093105),(142,'bef UTM Main Gate',1.5568669736349259,103.63801336191919),(143,'UTM Main Gate (Exit)',1.5567743097422382,103.63729839383352),(144,'Opp AEON Taman Universiti',1.5419187249489392,103.62971573495227),(145,'Kulai Terminal',1.6626828053288385,103.59889110796522),(146,'Kulai Centre Point',1.6613642865126417,103.60372737912934),(147,'Opp SBS Enterprises (M) Sdn Bhd',1.6541744853842373,103.60971038276091),(148,'Opp Public Bank @ Jalan Susur Kulai 2',1.6509304328430152,103.61148553732649),(149,'Opp Pertubuhan Peladang Kawasan Kulai',1.6452580216482706,103.61649637358444),(150,'Opp Hospital Temenggong Seri Maharaja Tun Ibrahim Kulaijaya',1.6398209133282802,103.62466463309562),(151,'Opp Jalan Cermai',1.6359493158863123,103.62993165279192),(152,'Opp Stor JKR (D) Kulaijaya',1.633014316152999,103.63349819512037),(153,'Opp Wang Loo Motor Sdn Bhd',1.628655062754551,103.63807709630609),(154,'Opp Pejabat Lembaga Lebuhraya Malaysia',1.6203723172849367,103.64614936801505),(155,'Masjid Jamek Pekan Senai',1.6059365939653953,103.64761480488822),(156,'Opp Deway Motor Trading',1.6131991987249765,103.64710738509358),(157,'Pejabat Lembaga Lebuhraya Malaysia',1.6207882154385622,103.64552297418207),(158,'aft Jalan Kelah',1.6295962449739738,103.63695517790576),(159,'Stor JKR (D) Kulaijaya',1.6326708725405026,103.63339205387095),(160,'TJ Mart',1.6335971426643172,103.63241743186276),(161,'aft Jalan Cermai 7',1.635335030874363,103.63004451042003),(162,'bef Hospital Temenggong Seri Maharaja Tun Ibrahim Kulaijaya',1.6396010400006824,103.62474653372412),(163,'SMK Kulai Besar',1.6455913464676681,103.61572207605488),(164,'aft Persiaran Indahpura 4',1.6476804172092263,103.61361307604972),(165,'Persatuan Hokkien Kulai',1.651406692568061,103.61086172023629),(166,'SBS Enterprises (M) Sdn Bhd',1.6543330452855867,103.60950205361249),(167,'Opp Arked Kulai',1.6608994486573931,103.60422582209408);
/*!40000 ALTER TABLE `BusStop` ENABLE KEYS */;
UNLOCK TABLES;

--
-- Table structure for table `Edge`
--

DROP TABLE IF EXISTS `Edge`;
/*!40101 SET @saved_cs_client     = @@character_set_client */;
/*!50503 SET character_set_client = utf8mb4 */;
CREATE TABLE `Edge` (
  `EdgeID` int unsigned NOT NULL AUTO_INCREMENT,
  `FromBusStopID` int unsigned NOT NULL,
  `ToBusStopID` int unsigned NOT NULL,
  `RouteID` int unsigned NOT NULL,
  PRIMARY KEY (`EdgeID`),
  UNIQUE KEY `Edge_UN` (`EdgeID`),
  KEY `Edge_FK` (`FromBusStopID`),
  KEY `Edge_FK_1` (`ToBusStopID`),
  KEY `Edge_FK_2` (`RouteID`),
  CONSTRAINT `Edge_FK` FOREIGN KEY (`FromBusStopID`) REFERENCES `BusStop` (`BusStopID`) ON DELETE CASCADE ON UPDATE CASCADE,
  CONSTRAINT `Edge_FK_1` FOREIGN KEY (`ToBusStopID`) REFERENCES `BusStop` (`BusStopID`) ON DELETE CASCADE ON UPDATE CASCADE,
  CONSTRAINT `Edge_FK_2` FOREIGN KEY (`RouteID`) REFERENCES `BusRoute` (`RouteID`) ON DELETE CASCADE ON UPDATE CASCADE
) ENGINE=InnoDB AUTO_INCREMENT=235 DEFAULT CHARSET=utf8mb4 COLLATE=utf8mb4_0900_ai_ci;
/*!40101 SET character_set_client = @saved_cs_client */;

--
-- Dumping data for table `Edge`
--

LOCK TABLES `Edge` WRITE;
/*!40000 ALTER TABLE `Edge` DISABLE KEYS */;
INSERT INTO `Edge` VALUES (1,1,2,1),(2,2,3,2),(3,3,4,3),(4,4,5,4),(5,5,6,5),(6,6,7,6),(7,7,8,7),(8,8,9,8),(9,9,10,9),(10,10,11,10),(11,11,12,11),(12,12,13,12),(13,13,14,13),(14,14,15,14),(15,15,16,15),(16,16,17,16),(17,17,18,17),(18,18,1,18),(19,19,20,19),(20,20,21,20),(21,21,22,21),(22,22,23,22),(23,23,24,23),(24,24,25,24),(25,25,26,25),(26,26,27,26),(27,27,28,27),(28,28,29,28),(29,29,30,29),(30,30,31,30),(31,31,32,31),(32,32,33,32),(33,33,34,33),(34,34,35,34),(35,35,36,35),(36,36,37,36),(37,37,38,37),(38,38,39,38),(39,39,40,39),(40,40,41,40),(41,41,42,41),(42,42,43,42),(43,43,44,43),(44,44,45,44),(45,45,46,45),(46,46,47,46),(47,47,48,47),(48,48,49,48),(49,49,50,49),(50,50,51,50),(51,51,19,51),(52,52,53,52),(53,53,54,53),(54,54,55,54),(55,55,56,55),(56,56,57,56),(57,57,58,57),(58,58,59,58),(59,59,60,59),(60,60,61,60),(61,61,62,61),(62,62,63,62),(63,63,64,63),(64,64,65,64),(65,65,66,65),(66,66,67,66),(67,67,68,67),(68,68,69,68),(69,69,70,69),(70,70,71,70),(71,71,72,71),(72,72,73,72),(73,73,74,73),(74,74,75,74),(75,75,76,75),(76,76,77,76),(77,77,78,77),(78,78,52,78),(79,79,80,79),(80,80,81,80),(81,81,82,81),(82,82,83,82),(83,83,84,83),(84,84,85,84),(85,85,86,85),(86,86,87,86),(87,87,88,87),(88,88,89,88),(89,89,90,89),(90,90,91,90),(91,91,92,91),(92,92,67,92),(93,67,68,93),(94,68,69,94),(95,69,70,95),(96,70,93,96),(97,93,94,97),(98,94,95,98),(99,95,96,99),(100,96,97,100),(101,97,79,101),(102,19,98,102),(103,98,99,103),(104,99,100,104),(105,100,101,105),(106,101,102,106),(107,102,103,107),(108,103,104,108),(109,104,11,109),(110,11,12,111),(111,12,13,112),(112,13,105,113),(113,105,106,114),(114,106,107,115),(115,107,108,116),(116,108,20,117),(117,20,21,118),(118,21,50,119),(119,50,51,120),(120,51,19,121),(121,52,109,123),(122,109,110,124),(123,110,111,125),(124,111,112,126),(125,112,113,127),(126,113,114,128),(127,114,115,129),(128,115,116,130),(129,116,91,131),(130,91,92,132),(131,92,117,133),(132,117,118,134),(133,118,119,135),(134,119,120,136),(135,120,121,137),(136,121,122,138),(137,122,123,139),(138,123,124,140),(139,124,125,141),(140,125,126,142),(141,126,127,143),(142,127,128,144),(143,128,129,145),(144,129,1,146),(145,1,2,148),(146,2,130,149),(147,130,131,150),(148,131,132,151),(149,132,133,152),(150,133,134,153),(151,134,135,154),(152,135,136,155),(153,136,137,156),(154,137,138,157),(155,138,139,158),(156,139,140,159),(157,140,67,160),(158,67,68,161),(159,68,69,162),(160,69,70,163),(161,70,141,164),(162,141,73,165),(163,73,110,166),(164,110,111,167),(165,111,112,168),(166,112,113,169),(167,113,114,170),(168,114,142,171),(169,142,143,172),(170,143,144,173),(171,144,52,174),(172,145,146,176),(173,146,147,177),(174,147,148,178),(175,148,149,179),(176,149,150,180),(177,150,151,181),(178,151,152,182),(179,152,153,183),(180,153,154,184),(181,154,87,185),(182,87,88,186),(183,88,89,187),(184,89,90,188),(185,90,91,189),(186,91,92,190),(187,92,117,191),(188,117,118,192),(189,118,119,193),(190,119,120,194),(191,120,121,195),(192,121,122,196),(193,122,123,197),(194,123,124,198),(195,124,125,199),(196,125,126,200),(197,126,127,201),(198,127,128,202),(199,128,129,203),(200,129,1,204),(201,1,2,206),(202,2,130,207),(203,130,131,208),(204,131,132,209),(205,132,133,210),(206,133,134,211),(207,134,135,212),(208,135,136,213),(209,136,137,214),(210,137,138,215),(211,138,139,216),(212,139,140,217),(213,140,67,218),(214,67,68,219),(215,68,69,220),(216,69,70,221),(217,70,93,222),(218,93,94,223),(219,94,95,224),(220,95,96,225),(221,96,155,226),(222,155,156,227),(223,156,157,228),(224,157,158,229),(225,158,159,230),(226,159,160,231),(227,160,161,232),(228,161,162,233),(229,162,163,234),(230,163,164,235),(231,164,165,236),(232,165,166,237),(233,166,167,238),(234,167,145,239);
/*!40000 ALTER TABLE `Edge` ENABLE KEYS */;
UNLOCK TABLES;

--
-- Table structure for table `Schedule`
--

DROP TABLE IF EXISTS `Schedule`;
/*!40101 SET @saved_cs_client     = @@character_set_client */;
/*!50503 SET character_set_client = utf8mb4 */;
CREATE TABLE `Schedule` (
  `ScheduleID` int unsigned NOT NULL AUTO_INCREMENT,
  `RouteID` int unsigned NOT NULL,
  `Time` time NOT NULL,
  PRIMARY KEY (`ScheduleID`),
  UNIQUE KEY `Schedule_UN` (`ScheduleID`),
  KEY `Schedule_FK` (`RouteID`),
  CONSTRAINT `Schedule_FK` FOREIGN KEY (`RouteID`) REFERENCES `BusRoute` (`RouteID`) ON DELETE CASCADE ON UPDATE CASCADE
) ENGINE=InnoDB AUTO_INCREMENT=3255 DEFAULT CHARSET=utf8mb4 COLLATE=utf8mb4_0900_ai_ci;
/*!40101 SET character_set_client = @saved_cs_client */;

--
-- Dumping data for table `Schedule`
--

LOCK TABLES `Schedule` WRITE;
/*!40000 ALTER TABLE `Schedule` DISABLE KEYS */;
INSERT INTO `Schedule` VALUES (1,1,'06:00:00'),(2,1,'06:25:00'),(3,1,'06:50:00'),(4,1,'07:15:00'),(5,1,'07:40:00'),(6,1,'08:05:00'),(7,1,'08:30:00'),(8,1,'09:00:00'),(9,1,'09:30:00'),(10,1,'10:00:00'),(11,1,'10:30:00'),(12,1,'11:00:00'),(13,1,'11:30:00'),(14,1,'12:00:00'),(15,1,'12:30:00'),(16,1,'13:00:00'),(17,1,'13:30:00'),(18,1,'14:00:00'),(19,1,'14:30:00'),(20,1,'15:00:00'),(21,1,'15:30:00'),(22,1,'16:00:00'),(23,1,'16:30:00'),(24,1,'17:00:00'),(25,1,'17:30:00'),(26,1,'18:00:00'),(27,1,'18:30:00'),(28,1,'19:00:00'),(29,1,'19:30:00'),(30,1,'20:00:00'),(31,1,'20:40:00'),(32,1,'21:20:00'),(33,1,'22:00:00'),(34,19,'06:00:00'),(35,19,'07:00:00'),(36,19,'08:00:00'),(37,19,'09:00:00'),(38,19,'10:00:00'),(39,19,'11:00:00'),(40,19,'12:00:00'),(41,19,'13:00:00'),(42,19,'14:00:00'),(43,19,'15:00:00'),(44,19,'16:00:00'),(45,19,'17:00:00'),(46,52,'06:00:00'),(47,52,'07:10:00'),(48,52,'08:30:00'),(49,52,'09:45:00'),(50,52,'11:00:00'),(51,52,'12:30:00'),(52,52,'13:45:00'),(53,52,'15:00:00'),(54,52,'16:30:00'),(55,52,'17:45:00'),(56,52,'19:00:00'),(57,79,'06:00:00'),(58,79,'07:00:00'),(59,79,'07:30:00'),(60,79,'08:30:00'),(61,79,'09:30:00'),(62,79,'10:30:00'),(63,79,'11:00:00'),(64,79,'12:00:00'),(65,79,'13:00:00'),(66,79,'14:00:00'),(67,79,'15:00:00'),(68,79,'16:00:00'),(69,79,'16:30:00'),(70,79,'17:30:00'),(71,79,'18:00:00'),(72,79,'19:00:00'),(73,102,'06:00:00'),(74,102,'06:20:00'),(75,102,'06:40:00'),(76,102,'07:00:00'),(77,102,'07:30:00'),(78,102,'08:00:00'),(79,102,'08:30:00'),(80,102,'09:00:00'),(81,102,'09:30:00'),(82,102,'10:00:00'),(83,102,'10:30:00'),(84,102,'11:00:00'),(85,102,'11:30:00'),(86,102,'12:00:00'),(87,102,'12:30:00'),(88,102,'13:00:00'),(89,102,'13:30:00'),(90,102,'14:00:00'),(91,102,'14:30:00'),(92,102,'15:00:00'),(93,102,'15:30:00'),(94,102,'16:00:00'),(95,102,'16:30:00'),(96,102,'17:00:00'),(97,102,'17:30:00'),(98,102,'18:00:00'),(99,102,'18:30:00'),(100,102,'19:00:00'),(101,102,'19:30:00'),(102,102,'20:00:00'),(103,111,'06:15:00'),(104,111,'06:35:00'),(105,111,'06:55:00'),(106,111,'07:15:00'),(107,111,'07:45:00'),(108,111,'08:15:00'),(109,111,'08:45:00'),(110,111,'09:15:00'),(111,111,'09:45:00'),(112,111,'10:15:00'),(113,111,'10:45:00'),(114,111,'11:15:00'),(115,111,'11:45:00'),(116,111,'12:15:00'),(117,111,'12:45:00'),(118,111,'13:15:00'),(119,111,'13:45:00'),(120,111,'14:15:00'),(121,111,'14:45:00'),(122,111,'15:15:00'),(123,111,'15:45:00'),(124,111,'16:15:00'),(125,111,'16:45:00'),(126,111,'17:15:00'),(127,111,'17:45:00'),(128,111,'18:15:00'),(129,111,'18:45:00'),(130,111,'19:15:00'),(131,111,'19:45:00'),(132,111,'20:15:00'),(133,123,'06:00:00'),(134,123,'07:10:00'),(135,123,'08:10:00'),(136,123,'09:10:00'),(137,123,'10:10:00'),(138,123,'11:10:00'),(139,123,'12:10:00'),(140,123,'13:10:00'),(141,123,'14:10:00'),(142,123,'15:10:00'),(143,123,'16:10:00'),(144,123,'17:10:00'),(145,123,'18:20:00'),(146,123,'19:15:00'),(147,148,'06:00:00'),(148,148,'06:45:00'),(149,148,'08:00:00'),(150,148,'09:00:00'),(151,148,'10:00:00'),(152,148,'11:00:00'),(153,148,'12:00:00'),(154,148,'13:00:00'),(155,148,'14:00:00'),(156,148,'15:00:00'),(157,148,'16:00:00'),(158,148,'17:00:00'),(159,148,'18:00:00'),(160,148,'19:10:00'),(161,176,'06:00:00'),(162,176,'09:00:00'),(163,176,'12:00:00'),(164,176,'14:30:00'),(165,176,'17:00:00'),(166,206,'07:15:00'),(167,206,'10:15:00'),(168,206,'13:15:00'),(169,206,'15:45:00'),(170,206,'18:15:00'),(171,2,'06:01:14'),(172,3,'06:02:26'),(173,4,'06:03:31'),(174,5,'06:03:39'),(175,6,'06:04:18'),(176,7,'06:05:41'),(177,8,'06:06:36'),(178,9,'06:08:31'),(179,10,'06:09:24'),(180,11,'06:10:21'),(181,12,'06:11:30'),(182,13,'06:12:58'),(183,14,'06:16:11'),(184,15,'06:16:26'),(185,16,'06:16:45'),(186,17,'06:16:58'),(187,18,'06:17:22'),(188,2,'06:26:14'),(189,3,'06:27:26'),(190,4,'06:28:31'),(191,5,'06:28:39'),(192,6,'06:29:18'),(193,7,'06:30:41'),(194,8,'06:31:36'),(195,9,'06:33:31'),(196,10,'06:34:24'),(197,11,'06:35:21'),(198,12,'06:36:30'),(199,13,'06:37:58'),(200,14,'06:41:11'),(201,15,'06:41:26'),(202,16,'06:41:45'),(203,17,'06:41:58'),(204,18,'06:42:22'),(205,2,'06:51:14'),(206,3,'06:52:26'),(207,4,'06:53:31'),(208,5,'06:53:39'),(209,6,'06:54:18'),(210,7,'06:55:41'),(211,8,'06:56:36'),(212,9,'06:58:31'),(213,10,'06:59:24'),(214,11,'07:00:21'),(215,12,'07:01:30'),(216,13,'07:02:58'),(217,14,'07:06:11'),(218,15,'07:06:26'),(219,16,'07:06:45'),(220,17,'07:06:58'),(221,18,'07:07:22'),(222,2,'07:16:14'),(223,3,'07:17:26'),(224,4,'07:18:31'),(225,5,'07:18:39'),(226,6,'07:19:18'),(227,7,'07:20:41'),(228,8,'07:21:36'),(229,9,'07:23:31'),(230,10,'07:24:24'),(231,11,'07:25:21'),(232,12,'07:26:30'),(233,13,'07:27:58'),(234,14,'07:31:11'),(235,15,'07:31:26'),(236,16,'07:31:45'),(237,17,'07:31:58'),(238,18,'07:32:22'),(239,2,'07:41:14'),(240,3,'07:42:26'),(241,4,'07:43:31'),(242,5,'07:43:39'),(243,6,'07:44:18'),(244,7,'07:45:41'),(245,8,'07:46:36'),(246,9,'07:48:31'),(247,10,'07:49:24'),(248,11,'07:50:21'),(249,12,'07:51:30'),(250,13,'07:52:58'),(251,14,'07:56:11'),(252,15,'07:56:26'),(253,16,'07:56:45'),(254,17,'07:56:58'),(255,18,'07:57:22'),(256,2,'08:06:14'),(257,3,'08:07:26'),(258,4,'08:08:31'),(259,5,'08:08:39'),(260,6,'08:09:18'),(261,7,'08:10:41'),(262,8,'08:11:36'),(263,9,'08:13:31'),(264,10,'08:14:24'),(265,11,'08:15:21'),(266,12,'08:16:30'),(267,13,'08:17:58'),(268,14,'08:21:11'),(269,15,'08:21:26'),(270,16,'08:21:45'),(271,17,'08:21:58'),(272,18,'08:22:22'),(273,2,'08:31:14'),(274,3,'08:32:26'),(275,4,'08:33:31'),(276,5,'08:33:39'),(277,6,'08:34:18'),(278,7,'08:35:41'),(279,8,'08:36:36'),(280,9,'08:38:31'),(281,10,'08:39:24'),(282,11,'08:40:21'),(283,12,'08:41:30'),(284,13,'08:42:58'),(285,14,'08:46:11'),(286,15,'08:46:26'),(287,16,'08:46:45'),(288,17,'08:46:58'),(289,18,'08:47:22'),(290,2,'09:01:14'),(291,3,'09:02:26'),(292,4,'09:03:31'),(293,5,'09:03:39'),(294,6,'09:04:18'),(295,7,'09:05:41'),(296,8,'09:06:36'),(297,9,'09:08:31'),(298,10,'09:09:24'),(299,11,'09:10:21'),(300,12,'09:11:30'),(301,13,'09:12:58'),(302,14,'09:16:11'),(303,15,'09:16:26'),(304,16,'09:16:45'),(305,17,'09:16:58'),(306,18,'09:17:22'),(307,2,'09:31:14'),(308,3,'09:32:26'),(309,4,'09:33:31'),(310,5,'09:33:39'),(311,6,'09:34:18'),(312,7,'09:35:41'),(313,8,'09:36:36'),(314,9,'09:38:31'),(315,10,'09:39:24'),(316,11,'09:40:21'),(317,12,'09:41:30'),(318,13,'09:42:58'),(319,14,'09:46:11'),(320,15,'09:46:26'),(321,16,'09:46:45'),(322,17,'09:46:58'),(323,18,'09:47:22'),(324,2,'10:01:14'),(325,3,'10:02:26'),(326,4,'10:03:31'),(327,5,'10:03:39'),(328,6,'10:04:18'),(329,7,'10:05:41'),(330,8,'10:06:36'),(331,9,'10:08:31'),(332,10,'10:09:24'),(333,11,'10:10:21'),(334,12,'10:11:30'),(335,13,'10:12:58'),(336,14,'10:16:11'),(337,15,'10:16:26'),(338,16,'10:16:45'),(339,17,'10:16:58'),(340,18,'10:17:22'),(341,2,'10:31:14'),(342,3,'10:32:26'),(343,4,'10:33:31'),(344,5,'10:33:39'),(345,6,'10:34:18'),(346,7,'10:35:41'),(347,8,'10:36:36'),(348,9,'10:38:31'),(349,10,'10:39:24'),(350,11,'10:40:21'),(351,12,'10:41:30'),(352,13,'10:42:58'),(353,14,'10:46:11'),(354,15,'10:46:26'),(355,16,'10:46:45'),(356,17,'10:46:58'),(357,18,'10:47:22'),(358,2,'11:01:14'),(359,3,'11:02:26'),(360,4,'11:03:31'),(361,5,'11:03:39'),(362,6,'11:04:18'),(363,7,'11:05:41'),(364,8,'11:06:36'),(365,9,'11:08:31'),(366,10,'11:09:24'),(367,11,'11:10:21'),(368,12,'11:11:30'),(369,13,'11:12:58'),(370,14,'11:16:11'),(371,15,'11:16:26'),(372,16,'11:16:45'),(373,17,'11:16:58'),(374,18,'11:17:22'),(375,2,'11:31:14'),(376,3,'11:32:26'),(377,4,'11:33:31'),(378,5,'11:33:39'),(379,6,'11:34:18'),(380,7,'11:35:41'),(381,8,'11:36:36'),(382,9,'11:38:31'),(383,10,'11:39:24'),(384,11,'11:40:21'),(385,12,'11:41:30'),(386,13,'11:42:58'),(387,14,'11:46:11'),(388,15,'11:46:26'),(389,16,'11:46:45'),(390,17,'11:46:58'),(391,18,'11:47:22'),(392,2,'12:01:14'),(393,3,'12:02:26'),(394,4,'12:03:31'),(395,5,'12:03:39'),(396,6,'12:04:18'),(397,7,'12:05:41'),(398,8,'12:06:36'),(399,9,'12:08:31'),(400,10,'12:09:24'),(401,11,'12:10:21'),(402,12,'12:11:30'),(403,13,'12:12:58'),(404,14,'12:16:11'),(405,15,'12:16:26'),(406,16,'12:16:45'),(407,17,'12:16:58'),(408,18,'12:17:22'),(409,2,'12:31:14'),(410,3,'12:32:26'),(411,4,'12:33:31'),(412,5,'12:33:39'),(413,6,'12:34:18'),(414,7,'12:35:41'),(415,8,'12:36:36'),(416,9,'12:38:31'),(417,10,'12:39:24'),(418,11,'12:40:21'),(419,12,'12:41:30'),(420,13,'12:42:58'),(421,14,'12:46:11'),(422,15,'12:46:26'),(423,16,'12:46:45'),(424,17,'12:46:58'),(425,18,'12:47:22'),(426,2,'13:01:14'),(427,3,'13:02:26'),(428,4,'13:03:31'),(429,5,'13:03:39'),(430,6,'13:04:18'),(431,7,'13:05:41'),(432,8,'13:06:36'),(433,9,'13:08:31'),(434,10,'13:09:24'),(435,11,'13:10:21'),(436,12,'13:11:30'),(437,13,'13:12:58'),(438,14,'13:16:11'),(439,15,'13:16:26'),(440,16,'13:16:45'),(441,17,'13:16:58'),(442,18,'13:17:22'),(443,2,'13:31:14'),(444,3,'13:32:26'),(445,4,'13:33:31'),(446,5,'13:33:39'),(447,6,'13:34:18'),(448,7,'13:35:41'),(449,8,'13:36:36'),(450,9,'13:38:31'),(451,10,'13:39:24'),(452,11,'13:40:21'),(453,12,'13:41:30'),(454,13,'13:42:58'),(455,14,'13:46:11'),(456,15,'13:46:26'),(457,16,'13:46:45'),(458,17,'13:46:58'),(459,18,'13:47:22'),(460,2,'14:01:14'),(461,3,'14:02:26'),(462,4,'14:03:31'),(463,5,'14:03:39'),(464,6,'14:04:18'),(465,7,'14:05:41'),(466,8,'14:06:36'),(467,9,'14:08:31'),(468,10,'14:09:24'),(469,11,'14:10:21'),(470,12,'14:11:30'),(471,13,'14:12:58'),(472,14,'14:16:11'),(473,15,'14:16:26'),(474,16,'14:16:45'),(475,17,'14:16:58'),(476,18,'14:17:22'),(477,2,'14:31:14'),(478,3,'14:32:26'),(479,4,'14:33:31'),(480,5,'14:33:39'),(481,6,'14:34:18'),(482,7,'14:35:41'),(483,8,'14:36:36'),(484,9,'14:38:31'),(485,10,'14:39:24'),(486,11,'14:40:21'),(487,12,'14:41:30'),(488,13,'14:42:58'),(489,14,'14:46:11'),(490,15,'14:46:26'),(491,16,'14:46:45'),(492,17,'14:46:58'),(493,18,'14:47:22'),(494,2,'15:01:14'),(495,3,'15:02:26'),(496,4,'15:03:31'),(497,5,'15:03:39'),(498,6,'15:04:18'),(499,7,'15:05:41'),(500,8,'15:06:36'),(501,9,'15:08:31'),(502,10,'15:09:24'),(503,11,'15:10:21'),(504,12,'15:11:30'),(505,13,'15:12:58'),(506,14,'15:16:11'),(507,15,'15:16:26'),(508,16,'15:16:45'),(509,17,'15:16:58'),(510,18,'15:17:22'),(511,2,'15:31:14'),(512,3,'15:32:26'),(513,4,'15:33:31'),(514,5,'15:33:39'),(515,6,'15:34:18'),(516,7,'15:35:41'),(517,8,'15:36:36'),(518,9,'15:38:31'),(519,10,'15:39:24'),(520,11,'15:40:21'),(521,12,'15:41:30'),(522,13,'15:42:58'),(523,14,'15:46:11'),(524,15,'15:46:26'),(525,16,'15:46:45'),(526,17,'15:46:58'),(527,18,'15:47:22'),(528,2,'16:01:14'),(529,3,'16:02:26'),(530,4,'16:03:31'),(531,5,'16:03:39'),(532,6,'16:04:18'),(533,7,'16:05:41'),(534,8,'16:06:36'),(535,9,'16:08:31'),(536,10,'16:09:24'),(537,11,'16:10:21'),(538,12,'16:11:30'),(539,13,'16:12:58'),(540,14,'16:16:11'),(541,15,'16:16:26'),(542,16,'16:16:45'),(543,17,'16:16:58'),(544,18,'16:17:22'),(545,2,'16:31:14'),(546,3,'16:32:26'),(547,4,'16:33:31'),(548,5,'16:33:39'),(549,6,'16:34:18'),(550,7,'16:35:41'),(551,8,'16:36:36'),(552,9,'16:38:31'),(553,10,'16:39:24'),(554,11,'16:40:21'),(555,12,'16:41:30'),(556,13,'16:42:58'),(557,14,'16:46:11'),(558,15,'16:46:26'),(559,16,'16:46:45'),(560,17,'16:46:58'),(561,18,'16:47:22'),(562,2,'17:01:14'),(563,3,'17:02:26'),(564,4,'17:03:31'),(565,5,'17:03:39'),(566,6,'17:04:18'),(567,7,'17:05:41'),(568,8,'17:06:36'),(569,9,'17:08:31'),(570,10,'17:09:24'),(571,11,'17:10:21'),(572,12,'17:11:30'),(573,13,'17:12:58'),(574,14,'17:16:11'),(575,15,'17:16:26'),(576,16,'17:16:45'),(577,17,'17:16:58'),(578,18,'17:17:22'),(579,2,'17:31:14'),(580,3,'17:32:26'),(581,4,'17:33:31'),(582,5,'17:33:39'),(583,6,'17:34:18'),(584,7,'17:35:41'),(585,8,'17:36:36'),(586,9,'17:38:31'),(587,10,'17:39:24'),(588,11,'17:40:21'),(589,12,'17:41:30'),(590,13,'17:42:58'),(591,14,'17:46:11'),(592,15,'17:46:26'),(593,16,'17:46:45'),(594,17,'17:46:58'),(595,18,'17:47:22'),(596,2,'18:01:14'),(597,3,'18:02:26'),(598,4,'18:03:31'),(599,5,'18:03:39'),(600,6,'18:04:18'),(601,7,'18:05:41'),(602,8,'18:06:36'),(603,9,'18:08:31'),(604,10,'18:09:24'),(605,11,'18:10:21'),(606,12,'18:11:30'),(607,13,'18:12:58'),(608,14,'18:16:11'),(609,15,'18:16:26'),(610,16,'18:16:45'),(611,17,'18:16:58'),(612,18,'18:17:22'),(613,2,'18:31:14'),(614,3,'18:32:26'),(615,4,'18:33:31'),(616,5,'18:33:39'),(617,6,'18:34:18'),(618,7,'18:35:41'),(619,8,'18:36:36'),(620,9,'18:38:31'),(621,10,'18:39:24'),(622,11,'18:40:21'),(623,12,'18:41:30'),(624,13,'18:42:58'),(625,14,'18:46:11'),(626,15,'18:46:26'),(627,16,'18:46:45'),(628,17,'18:46:58'),(629,18,'18:47:22'),(630,2,'19:01:14'),(631,3,'19:02:26'),(632,4,'19:03:31'),(633,5,'19:03:39'),(634,6,'19:04:18'),(635,7,'19:05:41'),(636,8,'19:06:36'),(637,9,'19:08:31'),(638,10,'19:09:24'),(639,11,'19:10:21'),(640,12,'19:11:30'),(641,13,'19:12:58'),(642,14,'19:16:11'),(643,15,'19:16:26'),(644,16,'19:16:45'),(645,17,'19:16:58'),(646,18,'19:17:22'),(647,2,'19:31:14'),(648,3,'19:32:26'),(649,4,'19:33:31'),(650,5,'19:33:39'),(651,6,'19:34:18'),(652,7,'19:35:41'),(653,8,'19:36:36'),(654,9,'19:38:31'),(655,10,'19:39:24'),(656,11,'19:40:21'),(657,12,'19:41:30'),(658,13,'19:42:58'),(659,14,'19:46:11'),(660,15,'19:46:26'),(661,16,'19:46:45'),(662,17,'19:46:58'),(663,18,'19:47:22'),(664,2,'20:01:14'),(665,3,'20:02:26'),(666,4,'20:03:31'),(667,5,'20:03:39'),(668,6,'20:04:18'),(669,7,'20:05:41'),(670,8,'20:06:36'),(671,9,'20:08:31'),(672,10,'20:09:24'),(673,11,'20:10:21'),(674,12,'20:11:30'),(675,13,'20:12:58'),(676,14,'20:16:11'),(677,15,'20:16:26'),(678,16,'20:16:45'),(679,17,'20:16:58'),(680,18,'20:17:22'),(681,2,'20:41:14'),(682,3,'20:42:26'),(683,4,'20:43:31'),(684,5,'20:43:39'),(685,6,'20:44:18'),(686,7,'20:45:41'),(687,8,'20:46:36'),(688,9,'20:48:31'),(689,10,'20:49:24'),(690,11,'20:50:21'),(691,12,'20:51:30'),(692,13,'20:52:58'),(693,14,'20:56:11'),(694,15,'20:56:26'),(695,16,'20:56:45'),(696,17,'20:56:58'),(697,18,'20:57:22'),(698,2,'21:21:14'),(699,3,'21:22:26'),(700,4,'21:23:31'),(701,5,'21:23:39'),(702,6,'21:24:18'),(703,7,'21:25:41'),(704,8,'21:26:36'),(705,9,'21:28:31'),(706,10,'21:29:24'),(707,11,'21:30:21'),(708,12,'21:31:30'),(709,13,'21:32:58'),(710,14,'21:36:11'),(711,15,'21:36:26'),(712,16,'21:36:45'),(713,17,'21:36:58'),(714,18,'21:37:22'),(715,2,'22:01:14'),(716,3,'22:02:26'),(717,4,'22:03:31'),(718,5,'22:03:39'),(719,6,'22:04:18'),(720,7,'22:05:41'),(721,8,'22:06:36'),(722,9,'22:08:31'),(723,10,'22:09:24'),(724,11,'22:10:21'),(725,12,'22:11:30'),(726,13,'22:12:58'),(727,14,'22:16:11'),(728,15,'22:16:26'),(729,16,'22:16:45'),(730,17,'22:16:58'),(731,18,'22:17:22'),(732,20,'06:04:37'),(733,21,'06:05:09'),(734,22,'06:07:58'),(735,23,'06:08:50'),(736,24,'06:09:24'),(737,25,'06:10:19'),(738,26,'06:13:01'),(739,27,'06:13:41'),(740,28,'06:14:14'),(741,29,'06:14:53'),(742,30,'06:15:39'),(743,31,'06:16:11'),(744,32,'06:16:38'),(745,33,'06:17:41'),(746,34,'06:18:21'),(747,35,'06:18:30'),(748,36,'06:19:07'),(749,37,'06:20:05'),(750,38,'06:20:52'),(751,39,'06:21:21'),(752,40,'06:24:39'),(753,41,'06:26:33'),(754,42,'06:27:36'),(755,43,'06:28:38'),(756,44,'06:29:41'),(757,45,'06:30:26'),(758,46,'06:30:36'),(759,47,'06:31:08'),(760,48,'06:33:05'),(761,49,'06:33:54'),(762,50,'06:35:28'),(763,51,'06:36:09'),(764,20,'07:04:37'),(765,21,'07:05:09'),(766,22,'07:07:58'),(767,23,'07:08:50'),(768,24,'07:09:24'),(769,25,'07:10:19'),(770,26,'07:13:01'),(771,27,'07:13:41'),(772,28,'07:14:14'),(773,29,'07:14:53'),(774,30,'07:15:39'),(775,31,'07:16:11'),(776,32,'07:16:38'),(777,33,'07:17:41'),(778,34,'07:18:21'),(779,35,'07:18:30'),(780,36,'07:19:07'),(781,37,'07:20:05'),(782,38,'07:20:52'),(783,39,'07:21:21'),(784,40,'07:24:39'),(785,41,'07:26:33'),(786,42,'07:27:36'),(787,43,'07:28:38'),(788,44,'07:29:41'),(789,45,'07:30:26'),(790,46,'07:30:36'),(791,47,'07:31:08'),(792,48,'07:33:05'),(793,49,'07:33:54'),(794,50,'07:35:28'),(795,51,'07:36:09'),(796,20,'08:04:37'),(797,21,'08:05:09'),(798,22,'08:07:58'),(799,23,'08:08:50'),(800,24,'08:09:24'),(801,25,'08:10:19'),(802,26,'08:13:01'),(803,27,'08:13:41'),(804,28,'08:14:14'),(805,29,'08:14:53'),(806,30,'08:15:39'),(807,31,'08:16:11'),(808,32,'08:16:38'),(809,33,'08:17:41'),(810,34,'08:18:21'),(811,35,'08:18:30'),(812,36,'08:19:07'),(813,37,'08:20:05'),(814,38,'08:20:52'),(815,39,'08:21:21'),(816,40,'08:24:39'),(817,41,'08:26:33'),(818,42,'08:27:36'),(819,43,'08:28:38'),(820,44,'08:29:41'),(821,45,'08:30:26'),(822,46,'08:30:36'),(823,47,'08:31:08'),(824,48,'08:33:05'),(825,49,'08:33:54'),(826,50,'08:35:28'),(827,51,'08:36:09'),(828,20,'09:04:37'),(829,21,'09:05:09'),(830,22,'09:07:58'),(831,23,'09:08:50'),(832,24,'09:09:24'),(833,25,'09:10:19'),(834,26,'09:13:01'),(835,27,'09:13:41'),(836,28,'09:14:14'),(837,29,'09:14:53'),(838,30,'09:15:39'),(839,31,'09:16:11'),(840,32,'09:16:38'),(841,33,'09:17:41'),(842,34,'09:18:21'),(843,35,'09:18:30'),(844,36,'09:19:07'),(845,37,'09:20:05'),(846,38,'09:20:52'),(847,39,'09:21:21'),(848,40,'09:24:39'),(849,41,'09:26:33'),(850,42,'09:27:36'),(851,43,'09:28:38'),(852,44,'09:29:41'),(853,45,'09:30:26'),(854,46,'09:30:36'),(855,47,'09:31:08'),(856,48,'09:33:05'),(857,49,'09:33:54'),(858,50,'09:35:28'),(859,51,'09:36:09'),(860,20,'10:04:37'),(861,21,'10:05:09'),(862,22,'10:07:58'),(863,23,'10:08:50'),(864,24,'10:09:24'),(865,25,'10:10:19'),(866,26,'10:13:01'),(867,27,'10:13:41'),(868,28,'10:14:14'),(869,29,'10:14:53'),(870,30,'10:15:39'),(871,31,'10:16:11'),(872,32,'10:16:38'),(873,33,'10:17:41'),(874,34,'10:18:21'),(875,35,'10:18:30'),(876,36,'10:19:07'),(877,37,'10:20:05'),(878,38,'10:20:52'),(879,39,'10:21:21'),(880,40,'10:24:39'),(881,41,'10:26:33'),(882,42,'10:27:36'),(883,43,'10:28:38'),(884,44,'10:29:41'),(885,45,'10:30:26'),(886,46,'10:30:36'),(887,47,'10:31:08'),(888,48,'10:33:05'),(889,49,'10:33:54'),(890,50,'10:35:28'),(891,51,'10:36:09'),(892,20,'11:04:37'),(893,21,'11:05:09'),(894,22,'11:07:58'),(895,23,'11:08:50'),(896,24,'11:09:24'),(897,25,'11:10:19'),(898,26,'11:13:01'),(899,27,'11:13:41'),(900,28,'11:14:14'),(901,29,'11:14:53'),(902,30,'11:15:39'),(903,31,'11:16:11'),(904,32,'11:16:38'),(905,33,'11:17:41'),(906,34,'11:18:21'),(907,35,'11:18:30'),(908,36,'11:19:07'),(909,37,'11:20:05'),(910,38,'11:20:52'),(911,39,'11:21:21'),(912,40,'11:24:39'),(913,41,'11:26:33'),(914,42,'11:27:36'),(915,43,'11:28:38'),(916,44,'11:29:41'),(917,45,'11:30:26'),(918,46,'11:30:36'),(919,47,'11:31:08'),(920,48,'11:33:05'),(921,49,'11:33:54'),(922,50,'11:35:28'),(923,51,'11:36:09'),(924,20,'12:04:37'),(925,21,'12:05:09'),(926,22,'12:07:58'),(927,23,'12:08:50'),(928,24,'12:09:24'),(929,25,'12:10:19'),(930,26,'12:13:01'),(931,27,'12:13:41'),(932,28,'12:14:14'),(933,29,'12:14:53'),(934,30,'12:15:39'),(935,31,'12:16:11'),(936,32,'12:16:38'),(937,33,'12:17:41'),(938,34,'12:18:21'),(939,35,'12:18:30'),(940,36,'12:19:07'),(941,37,'12:20:05'),(942,38,'12:20:52'),(943,39,'12:21:21'),(944,40,'12:24:39'),(945,41,'12:26:33'),(946,42,'12:27:36'),(947,43,'12:28:38'),(948,44,'12:29:41'),(949,45,'12:30:26'),(950,46,'12:30:36'),(951,47,'12:31:08'),(952,48,'12:33:05'),(953,49,'12:33:54'),(954,50,'12:35:28'),(955,51,'12:36:09'),(956,20,'13:04:37'),(957,21,'13:05:09'),(958,22,'13:07:58'),(959,23,'13:08:50'),(960,24,'13:09:24'),(961,25,'13:10:19'),(962,26,'13:13:01'),(963,27,'13:13:41'),(964,28,'13:14:14'),(965,29,'13:14:53'),(966,30,'13:15:39'),(967,31,'13:16:11'),(968,32,'13:16:38'),(969,33,'13:17:41'),(970,34,'13:18:21'),(971,35,'13:18:30'),(972,36,'13:19:07'),(973,37,'13:20:05'),(974,38,'13:20:52'),(975,39,'13:21:21'),(976,40,'13:24:39'),(977,41,'13:26:33'),(978,42,'13:27:36'),(979,43,'13:28:38'),(980,44,'13:29:41'),(981,45,'13:30:26'),(982,46,'13:30:36'),(983,47,'13:31:08'),(984,48,'13:33:05'),(985,49,'13:33:54'),(986,50,'13:35:28'),(987,51,'13:36:09'),(988,20,'14:04:37'),(989,21,'14:05:09'),(990,22,'14:07:58'),(991,23,'14:08:50'),(992,24,'14:09:24'),(993,25,'14:10:19'),(994,26,'14:13:01'),(995,27,'14:13:41'),(996,28,'14:14:14'),(997,29,'14:14:53'),(998,30,'14:15:39'),(999,31,'14:16:11'),(1000,32,'14:16:38'),(1001,33,'14:17:41'),(1002,34,'14:18:21'),(1003,35,'14:18:30'),(1004,36,'14:19:07'),(1005,37,'14:20:05'),(1006,38,'14:20:52'),(1007,39,'14:21:21'),(1008,40,'14:24:39'),(1009,41,'14:26:33'),(1010,42,'14:27:36'),(1011,43,'14:28:38'),(1012,44,'14:29:41'),(1013,45,'14:30:26'),(1014,46,'14:30:36'),(1015,47,'14:31:08'),(1016,48,'14:33:05'),(1017,49,'14:33:54'),(1018,50,'14:35:28'),(1019,51,'14:36:09'),(1020,20,'15:04:37'),(1021,21,'15:05:09'),(1022,22,'15:07:58'),(1023,23,'15:08:50'),(1024,24,'15:09:24'),(1025,25,'15:10:19'),(1026,26,'15:13:01'),(1027,27,'15:13:41'),(1028,28,'15:14:14'),(1029,29,'15:14:53'),(1030,30,'15:15:39'),(1031,31,'15:16:11'),(1032,32,'15:16:38'),(1033,33,'15:17:41'),(1034,34,'15:18:21'),(1035,35,'15:18:30'),(1036,36,'15:19:07'),(1037,37,'15:20:05'),(1038,38,'15:20:52'),(1039,39,'15:21:21'),(1040,40,'15:24:39'),(1041,41,'15:26:33'),(1042,42,'15:27:36'),(1043,43,'15:28:38'),(1044,44,'15:29:41'),(1045,45,'15:30:26'),(1046,46,'15:30:36'),(1047,47,'15:31:08'),(1048,48,'15:33:05'),(1049,49,'15:33:54'),(1050,50,'15:35:28'),(1051,51,'15:36:09'),(1052,20,'16:04:37'),(1053,21,'16:05:09'),(1054,22,'16:07:58'),(1055,23,'16:08:50'),(1056,24,'16:09:24'),(1057,25,'16:10:19'),(1058,26,'16:13:01'),(1059,27,'16:13:41'),(1060,28,'16:14:14'),(1061,29,'16:14:53'),(1062,30,'16:15:39'),(1063,31,'16:16:11'),(1064,32,'16:16:38'),(1065,33,'16:17:41'),(1066,34,'16:18:21'),(1067,35,'16:18:30'),(1068,36,'16:19:07'),(1069,37,'16:20:05'),(1070,38,'16:20:52'),(1071,39,'16:21:21'),(1072,40,'16:24:39'),(1073,41,'16:26:33'),(1074,42,'16:27:36'),(1075,43,'16:28:38'),(1076,44,'16:29:41'),(1077,45,'16:30:26'),(1078,46,'16:30:36'),(1079,47,'16:31:08'),(1080,48,'16:33:05'),(1081,49,'16:33:54'),(1082,50,'16:35:28'),(1083,51,'16:36:09'),(1084,20,'17:04:37'),(1085,21,'17:05:09'),(1086,22,'17:07:58'),(1087,23,'17:08:50'),(1088,24,'17:09:24'),(1089,25,'17:10:19'),(1090,26,'17:13:01'),(1091,27,'17:13:41'),(1092,28,'17:14:14'),(1093,29,'17:14:53'),(1094,30,'17:15:39'),(1095,31,'17:16:11'),(1096,32,'17:16:38'),(1097,33,'17:17:41'),(1098,34,'17:18:21'),(1099,35,'17:18:30'),(1100,36,'17:19:07'),(1101,37,'17:20:05'),(1102,38,'17:20:52'),(1103,39,'17:21:21'),(1104,40,'17:24:39'),(1105,41,'17:26:33'),(1106,42,'17:27:36'),(1107,43,'17:28:38'),(1108,44,'17:29:41'),(1109,45,'17:30:26'),(1110,46,'17:30:36'),(1111,47,'17:31:08'),(1112,48,'17:33:05'),(1113,49,'17:33:54'),(1114,50,'17:35:28'),(1115,51,'17:36:09'),(1116,53,'06:00:43'),(1117,54,'06:01:22'),(1118,55,'06:02:09'),(1119,56,'06:02:37'),(1120,57,'06:03:50'),(1121,58,'06:04:51'),(1122,59,'06:05:49'),(1123,60,'06:06:53'),(1124,61,'06:07:25'),(1125,62,'06:07:55'),(1126,63,'06:08:36'),(1127,64,'06:09:24'),(1128,65,'06:09:56'),(1129,66,'06:10:11'),(1130,67,'06:10:58'),(1131,68,'06:11:09'),(1132,69,'06:11:34'),(1133,70,'06:12:09'),(1134,71,'06:13:14'),(1135,72,'06:13:29'),(1136,73,'06:14:06'),(1137,74,'06:15:37'),(1138,75,'06:16:02'),(1139,76,'06:17:42'),(1140,77,'06:18:17'),(1141,78,'06:18:27'),(1142,53,'07:10:43'),(1143,54,'07:11:22'),(1144,55,'07:12:09'),(1145,56,'07:12:37'),(1146,57,'07:13:50'),(1147,58,'07:14:51'),(1148,59,'07:15:49'),(1149,60,'07:16:53'),(1150,61,'07:17:25'),(1151,62,'07:17:55'),(1152,63,'07:18:36'),(1153,64,'07:19:24'),(1154,65,'07:19:56'),(1155,66,'07:20:11'),(1156,67,'07:20:58'),(1157,68,'07:21:09'),(1158,69,'07:21:34'),(1159,70,'07:22:09'),(1160,71,'07:23:14'),(1161,72,'07:23:29'),(1162,73,'07:24:06'),(1163,74,'07:25:37'),(1164,75,'07:26:02'),(1165,76,'07:27:42'),(1166,77,'07:28:17'),(1167,78,'07:28:27'),(1168,53,'08:30:43'),(1169,54,'08:31:22'),(1170,55,'08:32:09'),(1171,56,'08:32:37'),(1172,57,'08:33:50'),(1173,58,'08:34:51'),(1174,59,'08:35:49'),(1175,60,'08:36:53'),(1176,61,'08:37:25'),(1177,62,'08:37:55'),(1178,63,'08:38:36'),(1179,64,'08:39:24'),(1180,65,'08:39:56'),(1181,66,'08:40:11'),(1182,67,'08:40:58'),(1183,68,'08:41:09'),(1184,69,'08:41:34'),(1185,70,'08:42:09'),(1186,71,'08:43:14'),(1187,72,'08:43:29'),(1188,73,'08:44:06'),(1189,74,'08:45:37'),(1190,75,'08:46:02'),(1191,76,'08:47:42'),(1192,77,'08:48:17'),(1193,78,'08:48:27'),(1194,53,'09:45:43'),(1195,54,'09:46:22'),(1196,55,'09:47:09'),(1197,56,'09:47:37'),(1198,57,'09:48:50'),(1199,58,'09:49:51'),(1200,59,'09:50:49'),(1201,60,'09:51:53'),(1202,61,'09:52:25'),(1203,62,'09:52:55'),(1204,63,'09:53:36'),(1205,64,'09:54:24'),(1206,65,'09:54:56'),(1207,66,'09:55:11'),(1208,67,'09:55:58'),(1209,68,'09:56:09'),(1210,69,'09:56:34'),(1211,70,'09:57:09'),(1212,71,'09:58:14'),(1213,72,'09:58:29'),(1214,73,'09:59:06'),(1215,74,'10:00:37'),(1216,75,'10:01:02'),(1217,76,'10:02:42'),(1218,77,'10:03:17'),(1219,78,'10:03:27'),(1220,53,'11:00:43'),(1221,54,'11:01:22'),(1222,55,'11:02:09'),(1223,56,'11:02:37'),(1224,57,'11:03:50'),(1225,58,'11:04:51'),(1226,59,'11:05:49'),(1227,60,'11:06:53'),(1228,61,'11:07:25'),(1229,62,'11:07:55'),(1230,63,'11:08:36'),(1231,64,'11:09:24'),(1232,65,'11:09:56'),(1233,66,'11:10:11'),(1234,67,'11:10:58'),(1235,68,'11:11:09'),(1236,69,'11:11:34'),(1237,70,'11:12:09'),(1238,71,'11:13:14'),(1239,72,'11:13:29'),(1240,73,'11:14:06'),(1241,74,'11:15:37'),(1242,75,'11:16:02'),(1243,76,'11:17:42'),(1244,77,'11:18:17'),(1245,78,'11:18:27'),(1246,53,'12:30:43'),(1247,54,'12:31:22'),(1248,55,'12:32:09'),(1249,56,'12:32:37'),(1250,57,'12:33:50'),(1251,58,'12:34:51'),(1252,59,'12:35:49'),(1253,60,'12:36:53'),(1254,61,'12:37:25'),(1255,62,'12:37:55'),(1256,63,'12:38:36'),(1257,64,'12:39:24'),(1258,65,'12:39:56'),(1259,66,'12:40:11'),(1260,67,'12:40:58'),(1261,68,'12:41:09'),(1262,69,'12:41:34'),(1263,70,'12:42:09'),(1264,71,'12:43:14'),(1265,72,'12:43:29'),(1266,73,'12:44:06'),(1267,74,'12:45:37'),(1268,75,'12:46:02'),(1269,76,'12:47:42'),(1270,77,'12:48:17'),(1271,78,'12:48:27'),(1272,53,'13:45:43'),(1273,54,'13:46:22'),(1274,55,'13:47:09'),(1275,56,'13:47:37'),(1276,57,'13:48:50'),(1277,58,'13:49:51'),(1278,59,'13:50:49'),(1279,60,'13:51:53'),(1280,61,'13:52:25'),(1281,62,'13:52:55'),(1282,63,'13:53:36'),(1283,64,'13:54:24'),(1284,65,'13:54:56'),(1285,66,'13:55:11'),(1286,67,'13:55:58'),(1287,68,'13:56:09'),(1288,69,'13:56:34'),(1289,70,'13:57:09'),(1290,71,'13:58:14'),(1291,72,'13:58:29'),(1292,73,'13:59:06'),(1293,74,'14:00:37'),(1294,75,'14:01:02'),(1295,76,'14:02:42'),(1296,77,'14:03:17'),(1297,78,'14:03:27'),(1298,53,'15:00:43'),(1299,54,'15:01:22'),(1300,55,'15:02:09'),(1301,56,'15:02:37'),(1302,57,'15:03:50'),(1303,58,'15:04:51'),(1304,59,'15:05:49'),(1305,60,'15:06:53'),(1306,61,'15:07:25'),(1307,62,'15:07:55'),(1308,63,'15:08:36'),(1309,64,'15:09:24'),(1310,65,'15:09:56'),(1311,66,'15:10:11'),(1312,67,'15:10:58'),(1313,68,'15:11:09'),(1314,69,'15:11:34'),(1315,70,'15:12:09'),(1316,71,'15:13:14'),(1317,72,'15:13:29'),(1318,73,'15:14:06'),(1319,74,'15:15:37'),(1320,75,'15:16:02'),(1321,76,'15:17:42'),(1322,77,'15:18:17'),(1323,78,'15:18:27'),(1324,53,'16:30:43'),(1325,54,'16:31:22'),(1326,55,'16:32:09'),(1327,56,'16:32:37'),(1328,57,'16:33:50'),(1329,58,'16:34:51'),(1330,59,'16:35:49'),(1331,60,'16:36:53'),(1332,61,'16:37:25'),(1333,62,'16:37:55'),(1334,63,'16:38:36'),(1335,64,'16:39:24'),(1336,65,'16:39:56'),(1337,66,'16:40:11'),(1338,67,'16:40:58'),(1339,68,'16:41:09'),(1340,69,'16:41:34'),(1341,70,'16:42:09'),(1342,71,'16:43:14'),(1343,72,'16:43:29'),(1344,73,'16:44:06'),(1345,74,'16:45:37'),(1346,75,'16:46:02'),(1347,76,'16:47:42'),(1348,77,'16:48:17'),(1349,78,'16:48:27'),(1350,53,'17:45:43'),(1351,54,'17:46:22'),(1352,55,'17:47:09'),(1353,56,'17:47:37'),(1354,57,'17:48:50'),(1355,58,'17:49:51'),(1356,59,'17:50:49'),(1357,60,'17:51:53'),(1358,61,'17:52:25'),(1359,62,'17:52:55'),(1360,63,'17:53:36'),(1361,64,'17:54:24'),(1362,65,'17:54:56'),(1363,66,'17:55:11'),(1364,67,'17:55:58'),(1365,68,'17:56:09'),(1366,69,'17:56:34'),(1367,70,'17:57:09'),(1368,71,'17:58:14'),(1369,72,'17:58:29'),(1370,73,'17:59:06'),(1371,74,'18:00:37'),(1372,75,'18:01:02'),(1373,76,'18:02:42'),(1374,77,'18:03:17'),(1375,78,'18:03:27'),(1376,53,'19:00:43'),(1377,54,'19:01:22'),(1378,55,'19:02:09'),(1379,56,'19:02:37'),(1380,57,'19:03:50'),(1381,58,'19:04:51'),(1382,59,'19:05:49'),(1383,60,'19:06:53'),(1384,61,'19:07:25'),(1385,62,'19:07:55'),(1386,63,'19:08:36'),(1387,64,'19:09:24'),(1388,65,'19:09:56'),(1389,66,'19:10:11'),(1390,67,'19:10:58'),(1391,68,'19:11:09'),(1392,69,'19:11:34'),(1393,70,'19:12:09'),(1394,71,'19:13:14'),(1395,72,'19:13:29'),(1396,73,'19:14:06'),(1397,74,'19:15:37'),(1398,75,'19:16:02'),(1399,76,'19:17:42'),(1400,77,'19:18:17'),(1401,78,'19:18:27'),(1402,80,'06:00:23'),(1403,81,'06:00:35'),(1404,82,'06:01:43'),(1405,83,'06:03:22'),(1406,84,'06:04:36'),(1407,85,'06:05:51'),(1408,86,'06:06:29'),(1409,87,'06:07:56'),(1410,88,'06:08:25'),(1411,89,'06:09:01'),(1412,90,'06:11:23'),(1413,91,'06:13:59'),(1414,92,'06:14:20'),(1415,93,'06:15:59'),(1416,94,'06:16:10'),(1417,95,'06:16:35'),(1418,96,'06:17:10'),(1419,97,'06:18:04'),(1420,98,'06:22:03'),(1421,99,'06:22:36'),(1422,100,'06:23:03'),(1423,101,'06:24:43'),(1424,80,'07:00:23'),(1425,81,'07:00:35'),(1426,82,'07:01:43'),(1427,83,'07:03:22'),(1428,84,'07:04:36'),(1429,85,'07:05:51'),(1430,86,'07:06:29'),(1431,87,'07:07:56'),(1432,88,'07:08:25'),(1433,89,'07:09:01'),(1434,90,'07:11:23'),(1435,91,'07:13:59'),(1436,92,'07:14:20'),(1437,93,'07:15:59'),(1438,94,'07:16:10'),(1439,95,'07:16:35'),(1440,96,'07:17:10'),(1441,97,'07:18:04'),(1442,98,'07:22:03'),(1443,99,'07:22:36'),(1444,100,'07:23:03'),(1445,101,'07:24:43'),(1446,80,'07:30:23'),(1447,81,'07:30:35'),(1448,82,'07:31:43'),(1449,83,'07:33:22'),(1450,84,'07:34:36'),(1451,85,'07:35:51'),(1452,86,'07:36:29'),(1453,87,'07:37:56'),(1454,88,'07:38:25'),(1455,89,'07:39:01'),(1456,90,'07:41:23'),(1457,91,'07:43:59'),(1458,92,'07:44:20'),(1459,93,'07:45:59'),(1460,94,'07:46:10'),(1461,95,'07:46:35'),(1462,96,'07:47:10'),(1463,97,'07:48:04'),(1464,98,'07:52:03'),(1465,99,'07:52:36'),(1466,100,'07:53:03'),(1467,101,'07:54:43'),(1468,80,'08:30:23'),(1469,81,'08:30:35'),(1470,82,'08:31:43'),(1471,83,'08:33:22'),(1472,84,'08:34:36'),(1473,85,'08:35:51'),(1474,86,'08:36:29'),(1475,87,'08:37:56'),(1476,88,'08:38:25'),(1477,89,'08:39:01'),(1478,90,'08:41:23'),(1479,91,'08:43:59'),(1480,92,'08:44:20'),(1481,93,'08:45:59'),(1482,94,'08:46:10'),(1483,95,'08:46:35'),(1484,96,'08:47:10'),(1485,97,'08:48:04'),(1486,98,'08:52:03'),(1487,99,'08:52:36'),(1488,100,'08:53:03'),(1489,101,'08:54:43'),(1490,80,'09:30:23'),(1491,81,'09:30:35'),(1492,82,'09:31:43'),(1493,83,'09:33:22'),(1494,84,'09:34:36'),(1495,85,'09:35:51'),(1496,86,'09:36:29'),(1497,87,'09:37:56'),(1498,88,'09:38:25'),(1499,89,'09:39:01'),(1500,90,'09:41:23'),(1501,91,'09:43:59'),(1502,92,'09:44:20'),(1503,93,'09:45:59'),(1504,94,'09:46:10'),(1505,95,'09:46:35'),(1506,96,'09:47:10'),(1507,97,'09:48:04'),(1508,98,'09:52:03'),(1509,99,'09:52:36'),(1510,100,'09:53:03'),(1511,101,'09:54:43'),(1512,80,'10:30:23'),(1513,81,'10:30:35'),(1514,82,'10:31:43'),(1515,83,'10:33:22'),(1516,84,'10:34:36'),(1517,85,'10:35:51'),(1518,86,'10:36:29'),(1519,87,'10:37:56'),(1520,88,'10:38:25'),(1521,89,'10:39:01'),(1522,90,'10:41:23'),(1523,91,'10:43:59'),(1524,92,'10:44:20'),(1525,93,'10:45:59'),(1526,94,'10:46:10'),(1527,95,'10:46:35'),(1528,96,'10:47:10'),(1529,97,'10:48:04'),(1530,98,'10:52:03'),(1531,99,'10:52:36'),(1532,100,'10:53:03'),(1533,101,'10:54:43'),(1534,80,'11:00:23'),(1535,81,'11:00:35'),(1536,82,'11:01:43'),(1537,83,'11:03:22'),(1538,84,'11:04:36'),(1539,85,'11:05:51'),(1540,86,'11:06:29'),(1541,87,'11:07:56'),(1542,88,'11:08:25'),(1543,89,'11:09:01'),(1544,90,'11:11:23'),(1545,91,'11:13:59'),(1546,92,'11:14:20'),(1547,93,'11:15:59'),(1548,94,'11:16:10'),(1549,95,'11:16:35'),(1550,96,'11:17:10'),(1551,97,'11:18:04'),(1552,98,'11:22:03'),(1553,99,'11:22:36'),(1554,100,'11:23:03'),(1555,101,'11:24:43'),(1556,80,'12:00:23'),(1557,81,'12:00:35'),(1558,82,'12:01:43'),(1559,83,'12:03:22'),(1560,84,'12:04:36'),(1561,85,'12:05:51'),(1562,86,'12:06:29'),(1563,87,'12:07:56'),(1564,88,'12:08:25'),(1565,89,'12:09:01'),(1566,90,'12:11:23'),(1567,91,'12:13:59'),(1568,92,'12:14:20'),(1569,93,'12:15:59'),(1570,94,'12:16:10'),(1571,95,'12:16:35'),(1572,96,'12:17:10'),(1573,97,'12:18:04'),(1574,98,'12:22:03'),(1575,99,'12:22:36'),(1576,100,'12:23:03'),(1577,101,'12:24:43'),(1578,80,'13:00:23'),(1579,81,'13:00:35'),(1580,82,'13:01:43'),(1581,83,'13:03:22'),(1582,84,'13:04:36'),(1583,85,'13:05:51'),(1584,86,'13:06:29'),(1585,87,'13:07:56'),(1586,88,'13:08:25'),(1587,89,'13:09:01'),(1588,90,'13:11:23'),(1589,91,'13:13:59'),(1590,92,'13:14:20'),(1591,93,'13:15:59'),(1592,94,'13:16:10'),(1593,95,'13:16:35'),(1594,96,'13:17:10'),(1595,97,'13:18:04'),(1596,98,'13:22:03'),(1597,99,'13:22:36'),(1598,100,'13:23:03'),(1599,101,'13:24:43'),(1600,80,'14:00:23'),(1601,81,'14:00:35'),(1602,82,'14:01:43'),(1603,83,'14:03:22'),(1604,84,'14:04:36'),(1605,85,'14:05:51'),(1606,86,'14:06:29'),(1607,87,'14:07:56'),(1608,88,'14:08:25'),(1609,89,'14:09:01'),(1610,90,'14:11:23'),(1611,91,'14:13:59'),(1612,92,'14:14:20'),(1613,93,'14:15:59'),(1614,94,'14:16:10'),(1615,95,'14:16:35'),(1616,96,'14:17:10'),(1617,97,'14:18:04'),(1618,98,'14:22:03'),(1619,99,'14:22:36'),(1620,100,'14:23:03'),(1621,101,'14:24:43'),(1622,80,'15:00:23'),(1623,81,'15:00:35'),(1624,82,'15:01:43'),(1625,83,'15:03:22'),(1626,84,'15:04:36'),(1627,85,'15:05:51'),(1628,86,'15:06:29'),(1629,87,'15:07:56'),(1630,88,'15:08:25'),(1631,89,'15:09:01'),(1632,90,'15:11:23'),(1633,91,'15:13:59'),(1634,92,'15:14:20'),(1635,93,'15:15:59'),(1636,94,'15:16:10'),(1637,95,'15:16:35'),(1638,96,'15:17:10'),(1639,97,'15:18:04'),(1640,98,'15:22:03'),(1641,99,'15:22:36'),(1642,100,'15:23:03'),(1643,101,'15:24:43'),(1644,80,'16:00:23'),(1645,81,'16:00:35'),(1646,82,'16:01:43'),(1647,83,'16:03:22'),(1648,84,'16:04:36'),(1649,85,'16:05:51'),(1650,86,'16:06:29'),(1651,87,'16:07:56'),(1652,88,'16:08:25'),(1653,89,'16:09:01'),(1654,90,'16:11:23'),(1655,91,'16:13:59'),(1656,92,'16:14:20'),(1657,93,'16:15:59'),(1658,94,'16:16:10'),(1659,95,'16:16:35'),(1660,96,'16:17:10'),(1661,97,'16:18:04'),(1662,98,'16:22:03'),(1663,99,'16:22:36'),(1664,100,'16:23:03'),(1665,101,'16:24:43'),(1666,80,'16:30:23'),(1667,81,'16:30:35'),(1668,82,'16:31:43'),(1669,83,'16:33:22'),(1670,84,'16:34:36'),(1671,85,'16:35:51'),(1672,86,'16:36:29'),(1673,87,'16:37:56'),(1674,88,'16:38:25'),(1675,89,'16:39:01'),(1676,90,'16:41:23'),(1677,91,'16:43:59'),(1678,92,'16:44:20'),(1679,93,'16:45:59'),(1680,94,'16:46:10'),(1681,95,'16:46:35'),(1682,96,'16:47:10'),(1683,97,'16:48:04'),(1684,98,'16:52:03'),(1685,99,'16:52:36'),(1686,100,'16:53:03'),(1687,101,'16:54:43'),(1688,80,'17:30:23'),(1689,81,'17:30:35'),(1690,82,'17:31:43'),(1691,83,'17:33:22'),(1692,84,'17:34:36'),(1693,85,'17:35:51'),(1694,86,'17:36:29'),(1695,87,'17:37:56'),(1696,88,'17:38:25'),(1697,89,'17:39:01'),(1698,90,'17:41:23'),(1699,91,'17:43:59'),(1700,92,'17:44:20'),(1701,93,'17:45:59'),(1702,94,'17:46:10'),(1703,95,'17:46:35'),(1704,96,'17:47:10'),(1705,97,'17:48:04'),(1706,98,'17:52:03'),(1707,99,'17:52:36'),(1708,100,'17:53:03'),(1709,101,'17:54:43'),(1710,80,'18:00:23'),(1711,81,'18:00:35'),(1712,82,'18:01:43'),(1713,83,'18:03:22'),(1714,84,'18:04:36'),(1715,85,'18:05:51'),(1716,86,'18:06:29'),(1717,87,'18:07:56'),(1718,88,'18:08:25'),(1719,89,'18:09:01'),(1720,90,'18:11:23'),(1721,91,'18:13:59'),(1722,92,'18:14:20'),(1723,93,'18:15:59'),(1724,94,'18:16:10'),(1725,95,'18:16:35'),(1726,96,'18:17:10'),(1727,97,'18:18:04'),(1728,98,'18:22:03'),(1729,99,'18:22:36'),(1730,100,'18:23:03'),(1731,101,'18:24:43'),(1732,80,'19:00:23'),(1733,81,'19:00:35'),(1734,82,'19:01:43'),(1735,83,'19:03:22'),(1736,84,'19:04:36'),(1737,85,'19:05:51'),(1738,86,'19:06:29'),(1739,87,'19:07:56'),(1740,88,'19:08:25'),(1741,89,'19:09:01'),(1742,90,'19:11:23'),(1743,91,'19:13:59'),(1744,92,'19:14:20'),(1745,93,'19:15:59'),(1746,94,'19:16:10'),(1747,95,'19:16:35'),(1748,96,'19:17:10'),(1749,97,'19:18:04'),(1750,98,'19:22:03'),(1751,99,'19:22:36'),(1752,100,'19:23:03'),(1753,101,'19:24:43'),(1754,103,'06:00:35'),(1755,104,'06:00:43'),(1756,105,'06:02:41'),(1757,106,'06:02:55'),(1758,107,'06:03:09'),(1759,108,'06:03:29'),(1760,109,'06:04:37'),(1761,103,'06:20:35'),(1762,104,'06:20:43'),(1763,105,'06:22:41'),(1764,106,'06:22:55'),(1765,107,'06:23:09'),(1766,108,'06:23:29'),(1767,109,'06:24:37'),(1768,103,'06:40:35'),(1769,104,'06:40:43'),(1770,105,'06:42:41'),(1771,106,'06:42:55'),(1772,107,'06:43:09'),(1773,108,'06:43:29'),(1774,109,'06:44:37'),(1775,103,'07:00:35'),(1776,104,'07:00:43'),(1777,105,'07:02:41'),(1778,106,'07:02:55'),(1779,107,'07:03:09'),(1780,108,'07:03:29'),(1781,109,'07:04:37'),(1782,103,'07:30:35'),(1783,104,'07:30:43'),(1784,105,'07:32:41'),(1785,106,'07:32:55'),(1786,107,'07:33:09'),(1787,108,'07:33:29'),(1788,109,'07:34:37'),(1789,103,'08:00:35'),(1790,104,'08:00:43'),(1791,105,'08:02:41'),(1792,106,'08:02:55'),(1793,107,'08:03:09'),(1794,108,'08:03:29'),(1795,109,'08:04:37'),(1796,103,'08:30:35'),(1797,104,'08:30:43'),(1798,105,'08:32:41'),(1799,106,'08:32:55'),(1800,107,'08:33:09'),(1801,108,'08:33:29'),(1802,109,'08:34:37'),(1803,103,'09:00:35'),(1804,104,'09:00:43'),(1805,105,'09:02:41'),(1806,106,'09:02:55'),(1807,107,'09:03:09'),(1808,108,'09:03:29'),(1809,109,'09:04:37'),(1810,103,'09:30:35'),(1811,104,'09:30:43'),(1812,105,'09:32:41'),(1813,106,'09:32:55'),(1814,107,'09:33:09'),(1815,108,'09:33:29'),(1816,109,'09:34:37'),(1817,103,'10:00:35'),(1818,104,'10:00:43'),(1819,105,'10:02:41'),(1820,106,'10:02:55'),(1821,107,'10:03:09'),(1822,108,'10:03:29'),(1823,109,'10:04:37'),(1824,103,'10:30:35'),(1825,104,'10:30:43'),(1826,105,'10:32:41'),(1827,106,'10:32:55'),(1828,107,'10:33:09'),(1829,108,'10:33:29'),(1830,109,'10:34:37'),(1831,103,'11:00:35'),(1832,104,'11:00:43'),(1833,105,'11:02:41'),(1834,106,'11:02:55'),(1835,107,'11:03:09'),(1836,108,'11:03:29'),(1837,109,'11:04:37'),(1838,103,'11:30:35'),(1839,104,'11:30:43'),(1840,105,'11:32:41'),(1841,106,'11:32:55'),(1842,107,'11:33:09'),(1843,108,'11:33:29'),(1844,109,'11:34:37'),(1845,103,'12:00:35'),(1846,104,'12:00:43'),(1847,105,'12:02:41'),(1848,106,'12:02:55'),(1849,107,'12:03:09'),(1850,108,'12:03:29'),(1851,109,'12:04:37'),(1852,103,'12:30:35'),(1853,104,'12:30:43'),(1854,105,'12:32:41'),(1855,106,'12:32:55'),(1856,107,'12:33:09'),(1857,108,'12:33:29'),(1858,109,'12:34:37'),(1859,103,'13:00:35'),(1860,104,'13:00:43'),(1861,105,'13:02:41'),(1862,106,'13:02:55'),(1863,107,'13:03:09'),(1864,108,'13:03:29'),(1865,109,'13:04:37'),(1866,103,'13:30:35'),(1867,104,'13:30:43'),(1868,105,'13:32:41'),(1869,106,'13:32:55'),(1870,107,'13:33:09'),(1871,108,'13:33:29'),(1872,109,'13:34:37'),(1873,103,'14:00:35'),(1874,104,'14:00:43'),(1875,105,'14:02:41'),(1876,106,'14:02:55'),(1877,107,'14:03:09'),(1878,108,'14:03:29'),(1879,109,'14:04:37'),(1880,103,'14:30:35'),(1881,104,'14:30:43'),(1882,105,'14:32:41'),(1883,106,'14:32:55'),(1884,107,'14:33:09'),(1885,108,'14:33:29'),(1886,109,'14:34:37'),(1887,103,'15:00:35'),(1888,104,'15:00:43'),(1889,105,'15:02:41'),(1890,106,'15:02:55'),(1891,107,'15:03:09'),(1892,108,'15:03:29'),(1893,109,'15:04:37'),(1894,103,'15:30:35'),(1895,104,'15:30:43'),(1896,105,'15:32:41'),(1897,106,'15:32:55'),(1898,107,'15:33:09'),(1899,108,'15:33:29'),(1900,109,'15:34:37'),(1901,103,'16:00:35'),(1902,104,'16:00:43'),(1903,105,'16:02:41'),(1904,106,'16:02:55'),(1905,107,'16:03:09'),(1906,108,'16:03:29'),(1907,109,'16:04:37'),(1908,103,'16:30:35'),(1909,104,'16:30:43'),(1910,105,'16:32:41'),(1911,106,'16:32:55'),(1912,107,'16:33:09'),(1913,108,'16:33:29'),(1914,109,'16:34:37'),(1915,103,'17:00:35'),(1916,104,'17:00:43'),(1917,105,'17:02:41'),(1918,106,'17:02:55'),(1919,107,'17:03:09'),(1920,108,'17:03:29'),(1921,109,'17:04:37'),(1922,103,'17:30:35'),(1923,104,'17:30:43'),(1924,105,'17:32:41'),(1925,106,'17:32:55'),(1926,107,'17:33:09'),(1927,108,'17:33:29'),(1928,109,'17:34:37'),(1929,103,'18:00:35'),(1930,104,'18:00:43'),(1931,105,'18:02:41'),(1932,106,'18:02:55'),(1933,107,'18:03:09'),(1934,108,'18:03:29'),(1935,109,'18:04:37'),(1936,103,'18:30:35'),(1937,104,'18:30:43'),(1938,105,'18:32:41'),(1939,106,'18:32:55'),(1940,107,'18:33:09'),(1941,108,'18:33:29'),(1942,109,'18:34:37'),(1943,103,'19:00:35'),(1944,104,'19:00:43'),(1945,105,'19:02:41'),(1946,106,'19:02:55'),(1947,107,'19:03:09'),(1948,108,'19:03:29'),(1949,109,'19:04:37'),(1950,103,'19:30:35'),(1951,104,'19:30:43'),(1952,105,'19:32:41'),(1953,106,'19:32:55'),(1954,107,'19:33:09'),(1955,108,'19:33:29'),(1956,109,'19:34:37'),(1957,103,'20:00:35'),(1958,104,'20:00:43'),(1959,105,'20:02:41'),(1960,106,'20:02:55'),(1961,107,'20:03:09'),(1962,108,'20:03:29'),(1963,109,'20:04:37'),(1964,112,'06:16:09'),(1965,113,'06:17:37'),(1966,114,'06:18:31'),(1967,115,'06:18:49'),(1968,116,'06:19:55'),(1969,117,'06:23:09'),(1970,118,'06:28:36'),(1971,119,'06:29:08'),(1972,120,'06:30:17'),(1973,121,'06:30:58'),(1974,112,'06:36:09'),(1975,113,'06:37:37'),(1976,114,'06:38:31'),(1977,115,'06:38:49'),(1978,116,'06:39:55'),(1979,117,'06:43:09'),(1980,118,'06:48:36'),(1981,119,'06:49:08'),(1982,120,'06:50:17'),(1983,121,'06:50:58'),(1984,112,'06:56:09'),(1985,113,'06:57:37'),(1986,114,'06:58:31'),(1987,115,'06:58:49'),(1988,116,'06:59:55'),(1989,117,'07:03:09'),(1990,118,'07:08:36'),(1991,119,'07:09:08'),(1992,120,'07:10:17'),(1993,121,'07:10:58'),(1994,112,'07:16:09'),(1995,113,'07:17:37'),(1996,114,'07:18:31'),(1997,115,'07:18:49'),(1998,116,'07:19:55'),(1999,117,'07:23:09'),(2000,118,'07:28:36'),(2001,119,'07:29:08'),(2002,120,'07:30:17'),(2003,121,'07:30:58'),(2004,112,'07:46:09'),(2005,113,'07:47:37'),(2006,114,'07:48:31'),(2007,115,'07:48:49'),(2008,116,'07:49:55'),(2009,117,'07:53:09'),(2010,118,'07:58:36'),(2011,119,'07:59:08'),(2012,120,'08:00:17'),(2013,121,'08:00:58'),(2014,112,'08:16:09'),(2015,113,'08:17:37'),(2016,114,'08:18:31'),(2017,115,'08:18:49'),(2018,116,'08:19:55'),(2019,117,'08:23:09'),(2020,118,'08:28:36'),(2021,119,'08:29:08'),(2022,120,'08:30:17'),(2023,121,'08:30:58'),(2024,112,'08:46:09'),(2025,113,'08:47:37'),(2026,114,'08:48:31'),(2027,115,'08:48:49'),(2028,116,'08:49:55'),(2029,117,'08:53:09'),(2030,118,'08:58:36'),(2031,119,'08:59:08'),(2032,120,'09:00:17'),(2033,121,'09:00:58'),(2034,112,'09:16:09'),(2035,113,'09:17:37'),(2036,114,'09:18:31'),(2037,115,'09:18:49'),(2038,116,'09:19:55'),(2039,117,'09:23:09'),(2040,118,'09:28:36'),(2041,119,'09:29:08'),(2042,120,'09:30:17'),(2043,121,'09:30:58'),(2044,112,'09:46:09'),(2045,113,'09:47:37'),(2046,114,'09:48:31'),(2047,115,'09:48:49'),(2048,116,'09:49:55'),(2049,117,'09:53:09'),(2050,118,'09:58:36'),(2051,119,'09:59:08'),(2052,120,'10:00:17'),(2053,121,'10:00:58'),(2054,112,'10:16:09'),(2055,113,'10:17:37'),(2056,114,'10:18:31'),(2057,115,'10:18:49'),(2058,116,'10:19:55'),(2059,117,'10:23:09'),(2060,118,'10:28:36'),(2061,119,'10:29:08'),(2062,120,'10:30:17'),(2063,121,'10:30:58'),(2064,112,'10:46:09'),(2065,113,'10:47:37'),(2066,114,'10:48:31'),(2067,115,'10:48:49'),(2068,116,'10:49:55'),(2069,117,'10:53:09'),(2070,118,'10:58:36'),(2071,119,'10:59:08'),(2072,120,'11:00:17'),(2073,121,'11:00:58'),(2074,112,'11:16:09'),(2075,113,'11:17:37'),(2076,114,'11:18:31'),(2077,115,'11:18:49'),(2078,116,'11:19:55'),(2079,117,'11:23:09'),(2080,118,'11:28:36'),(2081,119,'11:29:08'),(2082,120,'11:30:17'),(2083,121,'11:30:58'),(2084,112,'11:46:09'),(2085,113,'11:47:37'),(2086,114,'11:48:31'),(2087,115,'11:48:49'),(2088,116,'11:49:55'),(2089,117,'11:53:09'),(2090,118,'11:58:36'),(2091,119,'11:59:08'),(2092,120,'12:00:17'),(2093,121,'12:00:58'),(2094,112,'12:16:09'),(2095,113,'12:17:37'),(2096,114,'12:18:31'),(2097,115,'12:18:49'),(2098,116,'12:19:55'),(2099,117,'12:23:09'),(2100,118,'12:28:36'),(2101,119,'12:29:08'),(2102,120,'12:30:17'),(2103,121,'12:30:58'),(2104,112,'12:46:09'),(2105,113,'12:47:37'),(2106,114,'12:48:31'),(2107,115,'12:48:49'),(2108,116,'12:49:55'),(2109,117,'12:53:09'),(2110,118,'12:58:36'),(2111,119,'12:59:08'),(2112,120,'13:00:17'),(2113,121,'13:00:58'),(2114,112,'13:16:09'),(2115,113,'13:17:37'),(2116,114,'13:18:31'),(2117,115,'13:18:49'),(2118,116,'13:19:55'),(2119,117,'13:23:09'),(2120,118,'13:28:36'),(2121,119,'13:29:08'),(2122,120,'13:30:17'),(2123,121,'13:30:58'),(2124,112,'13:46:09'),(2125,113,'13:47:37'),(2126,114,'13:48:31'),(2127,115,'13:48:49'),(2128,116,'13:49:55'),(2129,117,'13:53:09'),(2130,118,'13:58:36'),(2131,119,'13:59:08'),(2132,120,'14:00:17'),(2133,121,'14:00:58'),(2134,112,'14:16:09'),(2135,113,'14:17:37'),(2136,114,'14:18:31'),(2137,115,'14:18:49'),(2138,116,'14:19:55'),(2139,117,'14:23:09'),(2140,118,'14:28:36'),(2141,119,'14:29:08'),(2142,120,'14:30:17'),(2143,121,'14:30:58'),(2144,112,'14:46:09'),(2145,113,'14:47:37'),(2146,114,'14:48:31'),(2147,115,'14:48:49'),(2148,116,'14:49:55'),(2149,117,'14:53:09'),(2150,118,'14:58:36'),(2151,119,'14:59:08'),(2152,120,'15:00:17'),(2153,121,'15:00:58'),(2154,112,'15:16:09'),(2155,113,'15:17:37'),(2156,114,'15:18:31'),(2157,115,'15:18:49'),(2158,116,'15:19:55'),(2159,117,'15:23:09'),(2160,118,'15:28:36'),(2161,119,'15:29:08'),(2162,120,'15:30:17'),(2163,121,'15:30:58'),(2164,112,'15:46:09'),(2165,113,'15:47:37'),(2166,114,'15:48:31'),(2167,115,'15:48:49'),(2168,116,'15:49:55'),(2169,117,'15:53:09'),(2170,118,'15:58:36'),(2171,119,'15:59:08'),(2172,120,'16:00:17'),(2173,121,'16:00:58'),(2174,112,'16:16:09'),(2175,113,'16:17:37'),(2176,114,'16:18:31'),(2177,115,'16:18:49'),(2178,116,'16:19:55'),(2179,117,'16:23:09'),(2180,118,'16:28:36'),(2181,119,'16:29:08'),(2182,120,'16:30:17'),(2183,121,'16:30:58'),(2184,112,'16:46:09'),(2185,113,'16:47:37'),(2186,114,'16:48:31'),(2187,115,'16:48:49'),(2188,116,'16:49:55'),(2189,117,'16:53:09'),(2190,118,'16:58:36'),(2191,119,'16:59:08'),(2192,120,'17:00:17'),(2193,121,'17:00:58'),(2194,112,'17:16:09'),(2195,113,'17:17:37'),(2196,114,'17:18:31'),(2197,115,'17:18:49'),(2198,116,'17:19:55'),(2199,117,'17:23:09'),(2200,118,'17:28:36'),(2201,119,'17:29:08'),(2202,120,'17:30:17'),(2203,121,'17:30:58'),(2204,112,'17:46:09'),(2205,113,'17:47:37'),(2206,114,'17:48:31'),(2207,115,'17:48:49'),(2208,116,'17:49:55'),(2209,117,'17:53:09'),(2210,118,'17:58:36'),(2211,119,'17:59:08'),(2212,120,'18:00:17'),(2213,121,'18:00:58'),(2214,112,'18:16:09'),(2215,113,'18:17:37'),(2216,114,'18:18:31'),(2217,115,'18:18:49'),(2218,116,'18:19:55'),(2219,117,'18:23:09'),(2220,118,'18:28:36'),(2221,119,'18:29:08'),(2222,120,'18:30:17'),(2223,121,'18:30:58'),(2224,112,'18:46:09'),(2225,113,'18:47:37'),(2226,114,'18:48:31'),(2227,115,'18:48:49'),(2228,116,'18:49:55'),(2229,117,'18:53:09'),(2230,118,'18:58:36'),(2231,119,'18:59:08'),(2232,120,'19:00:17'),(2233,121,'19:00:58'),(2234,112,'19:16:09'),(2235,113,'19:17:37'),(2236,114,'19:18:31'),(2237,115,'19:18:49'),(2238,116,'19:19:55'),(2239,117,'19:23:09'),(2240,118,'19:28:36'),(2241,119,'19:29:08'),(2242,120,'19:30:17'),(2243,121,'19:30:58'),(2244,112,'19:46:09'),(2245,113,'19:47:37'),(2246,114,'19:48:31'),(2247,115,'19:48:49'),(2248,116,'19:49:55'),(2249,117,'19:53:09'),(2250,118,'19:58:36'),(2251,119,'19:59:08'),(2252,120,'20:00:17'),(2253,121,'20:00:58'),(2254,112,'20:16:09'),(2255,113,'20:17:37'),(2256,114,'20:18:31'),(2257,115,'20:18:49'),(2258,116,'20:19:55'),(2259,117,'20:23:09'),(2260,118,'20:28:36'),(2261,119,'20:29:08'),(2262,120,'20:30:17'),(2263,121,'20:30:58'),(2264,124,'06:00:42'),(2265,125,'06:02:57'),(2266,126,'06:03:17'),(2267,127,'06:03:33'),(2268,128,'06:03:54'),(2269,129,'06:04:13'),(2270,130,'06:04:44'),(2271,131,'06:05:02'),(2272,132,'06:07:14'),(2273,133,'06:07:35'),(2274,134,'06:09:17'),(2275,135,'06:10:41'),(2276,136,'06:11:12'),(2277,137,'06:11:31'),(2278,138,'06:11:54'),(2279,139,'06:14:23'),(2280,140,'06:15:12'),(2281,141,'06:15:55'),(2282,142,'06:16:07'),(2283,143,'06:16:22'),(2284,144,'06:17:49'),(2285,145,'06:20:47'),(2286,146,'06:24:32'),(2287,124,'07:10:42'),(2288,125,'07:12:57'),(2289,126,'07:13:17'),(2290,127,'07:13:33'),(2291,128,'07:13:54'),(2292,129,'07:14:13'),(2293,130,'07:14:44'),(2294,131,'07:15:02'),(2295,132,'07:17:14'),(2296,133,'07:17:35'),(2297,134,'07:19:17'),(2298,135,'07:20:41'),(2299,136,'07:21:12'),(2300,137,'07:21:31'),(2301,138,'07:21:54'),(2302,139,'07:24:23'),(2303,140,'07:25:12'),(2304,141,'07:25:55'),(2305,142,'07:26:07'),(2306,143,'07:26:22'),(2307,144,'07:27:49'),(2308,145,'07:30:47'),(2309,146,'07:34:32'),(2310,124,'08:10:42'),(2311,125,'08:12:57'),(2312,126,'08:13:17'),(2313,127,'08:13:33'),(2314,128,'08:13:54'),(2315,129,'08:14:13'),(2316,130,'08:14:44'),(2317,131,'08:15:02'),(2318,132,'08:17:14'),(2319,133,'08:17:35'),(2320,134,'08:19:17'),(2321,135,'08:20:41'),(2322,136,'08:21:12'),(2323,137,'08:21:31'),(2324,138,'08:21:54'),(2325,139,'08:24:23'),(2326,140,'08:25:12'),(2327,141,'08:25:55'),(2328,142,'08:26:07'),(2329,143,'08:26:22'),(2330,144,'08:27:49'),(2331,145,'08:30:47'),(2332,146,'08:34:32'),(2333,124,'09:10:42'),(2334,125,'09:12:57'),(2335,126,'09:13:17'),(2336,127,'09:13:33'),(2337,128,'09:13:54'),(2338,129,'09:14:13'),(2339,130,'09:14:44'),(2340,131,'09:15:02'),(2341,132,'09:17:14'),(2342,133,'09:17:35'),(2343,134,'09:19:17'),(2344,135,'09:20:41'),(2345,136,'09:21:12'),(2346,137,'09:21:31'),(2347,138,'09:21:54'),(2348,139,'09:24:23'),(2349,140,'09:25:12'),(2350,141,'09:25:55'),(2351,142,'09:26:07'),(2352,143,'09:26:22'),(2353,144,'09:27:49'),(2354,145,'09:30:47'),(2355,146,'09:34:32'),(2356,124,'10:10:42'),(2357,125,'10:12:57'),(2358,126,'10:13:17'),(2359,127,'10:13:33'),(2360,128,'10:13:54'),(2361,129,'10:14:13'),(2362,130,'10:14:44'),(2363,131,'10:15:02'),(2364,132,'10:17:14'),(2365,133,'10:17:35'),(2366,134,'10:19:17'),(2367,135,'10:20:41'),(2368,136,'10:21:12'),(2369,137,'10:21:31'),(2370,138,'10:21:54'),(2371,139,'10:24:23'),(2372,140,'10:25:12'),(2373,141,'10:25:55'),(2374,142,'10:26:07'),(2375,143,'10:26:22'),(2376,144,'10:27:49'),(2377,145,'10:30:47'),(2378,146,'10:34:32'),(2379,124,'11:10:42'),(2380,125,'11:12:57'),(2381,126,'11:13:17'),(2382,127,'11:13:33'),(2383,128,'11:13:54'),(2384,129,'11:14:13'),(2385,130,'11:14:44'),(2386,131,'11:15:02'),(2387,132,'11:17:14'),(2388,133,'11:17:35'),(2389,134,'11:19:17'),(2390,135,'11:20:41'),(2391,136,'11:21:12'),(2392,137,'11:21:31'),(2393,138,'11:21:54'),(2394,139,'11:24:23'),(2395,140,'11:25:12'),(2396,141,'11:25:55'),(2397,142,'11:26:07'),(2398,143,'11:26:22'),(2399,144,'11:27:49'),(2400,145,'11:30:47'),(2401,146,'11:34:32'),(2402,124,'12:10:42'),(2403,125,'12:12:57'),(2404,126,'12:13:17'),(2405,127,'12:13:33'),(2406,128,'12:13:54'),(2407,129,'12:14:13'),(2408,130,'12:14:44'),(2409,131,'12:15:02'),(2410,132,'12:17:14'),(2411,133,'12:17:35'),(2412,134,'12:19:17'),(2413,135,'12:20:41'),(2414,136,'12:21:12'),(2415,137,'12:21:31'),(2416,138,'12:21:54'),(2417,139,'12:24:23'),(2418,140,'12:25:12'),(2419,141,'12:25:55'),(2420,142,'12:26:07'),(2421,143,'12:26:22'),(2422,144,'12:27:49'),(2423,145,'12:30:47'),(2424,146,'12:34:32'),(2425,124,'13:10:42'),(2426,125,'13:12:57'),(2427,126,'13:13:17'),(2428,127,'13:13:33'),(2429,128,'13:13:54'),(2430,129,'13:14:13'),(2431,130,'13:14:44'),(2432,131,'13:15:02'),(2433,132,'13:17:14'),(2434,133,'13:17:35'),(2435,134,'13:19:17'),(2436,135,'13:20:41'),(2437,136,'13:21:12'),(2438,137,'13:21:31'),(2439,138,'13:21:54'),(2440,139,'13:24:23'),(2441,140,'13:25:12'),(2442,141,'13:25:55'),(2443,142,'13:26:07'),(2444,143,'13:26:22'),(2445,144,'13:27:49'),(2446,145,'13:30:47'),(2447,146,'13:34:32'),(2448,124,'14:10:42'),(2449,125,'14:12:57'),(2450,126,'14:13:17'),(2451,127,'14:13:33'),(2452,128,'14:13:54'),(2453,129,'14:14:13'),(2454,130,'14:14:44'),(2455,131,'14:15:02'),(2456,132,'14:17:14'),(2457,133,'14:17:35'),(2458,134,'14:19:17'),(2459,135,'14:20:41'),(2460,136,'14:21:12'),(2461,137,'14:21:31'),(2462,138,'14:21:54'),(2463,139,'14:24:23'),(2464,140,'14:25:12'),(2465,141,'14:25:55'),(2466,142,'14:26:07'),(2467,143,'14:26:22'),(2468,144,'14:27:49'),(2469,145,'14:30:47'),(2470,146,'14:34:32'),(2471,124,'15:10:42'),(2472,125,'15:12:57'),(2473,126,'15:13:17'),(2474,127,'15:13:33'),(2475,128,'15:13:54'),(2476,129,'15:14:13'),(2477,130,'15:14:44'),(2478,131,'15:15:02'),(2479,132,'15:17:14'),(2480,133,'15:17:35'),(2481,134,'15:19:17'),(2482,135,'15:20:41'),(2483,136,'15:21:12'),(2484,137,'15:21:31'),(2485,138,'15:21:54'),(2486,139,'15:24:23'),(2487,140,'15:25:12'),(2488,141,'15:25:55'),(2489,142,'15:26:07'),(2490,143,'15:26:22'),(2491,144,'15:27:49'),(2492,145,'15:30:47'),(2493,146,'15:34:32'),(2494,124,'16:10:42'),(2495,125,'16:12:57'),(2496,126,'16:13:17'),(2497,127,'16:13:33'),(2498,128,'16:13:54'),(2499,129,'16:14:13'),(2500,130,'16:14:44'),(2501,131,'16:15:02'),(2502,132,'16:17:14'),(2503,133,'16:17:35'),(2504,134,'16:19:17'),(2505,135,'16:20:41'),(2506,136,'16:21:12'),(2507,137,'16:21:31'),(2508,138,'16:21:54'),(2509,139,'16:24:23'),(2510,140,'16:25:12'),(2511,141,'16:25:55'),(2512,142,'16:26:07'),(2513,143,'16:26:22'),(2514,144,'16:27:49'),(2515,145,'16:30:47'),(2516,146,'16:34:32'),(2517,124,'17:10:42'),(2518,125,'17:12:57'),(2519,126,'17:13:17'),(2520,127,'17:13:33'),(2521,128,'17:13:54'),(2522,129,'17:14:13'),(2523,130,'17:14:44'),(2524,131,'17:15:02'),(2525,132,'17:17:14'),(2526,133,'17:17:35'),(2527,134,'17:19:17'),(2528,135,'17:20:41'),(2529,136,'17:21:12'),(2530,137,'17:21:31'),(2531,138,'17:21:54'),(2532,139,'17:24:23'),(2533,140,'17:25:12'),(2534,141,'17:25:55'),(2535,142,'17:26:07'),(2536,143,'17:26:22'),(2537,144,'17:27:49'),(2538,145,'17:30:47'),(2539,146,'17:34:32'),(2540,124,'18:20:42'),(2541,125,'18:22:57'),(2542,126,'18:23:17'),(2543,127,'18:23:33'),(2544,128,'18:23:54'),(2545,129,'18:24:13'),(2546,130,'18:24:44'),(2547,131,'18:25:02'),(2548,132,'18:27:14'),(2549,133,'18:27:35'),(2550,134,'18:29:17'),(2551,135,'18:30:41'),(2552,136,'18:31:12'),(2553,137,'18:31:31'),(2554,138,'18:31:54'),(2555,139,'18:34:23'),(2556,140,'18:35:12'),(2557,141,'18:35:55'),(2558,142,'18:36:07'),(2559,143,'18:36:22'),(2560,144,'18:37:49'),(2561,145,'18:40:47'),(2562,146,'18:44:32'),(2563,124,'19:15:42'),(2564,125,'19:17:57'),(2565,126,'19:18:17'),(2566,127,'19:18:33'),(2567,128,'19:18:54'),(2568,129,'19:19:13'),(2569,130,'19:19:44'),(2570,131,'19:20:02'),(2571,132,'19:22:14'),(2572,133,'19:22:35'),(2573,134,'19:24:17'),(2574,135,'19:25:41'),(2575,136,'19:26:12'),(2576,137,'19:26:31'),(2577,138,'19:26:54'),(2578,139,'19:29:23'),(2579,140,'19:30:12'),(2580,141,'19:30:55'),(2581,142,'19:31:07'),(2582,143,'19:31:22'),(2583,144,'19:32:49'),(2584,145,'19:35:47'),(2585,146,'19:39:32'),(2586,149,'06:01:14'),(2587,150,'06:03:10'),(2588,151,'06:03:31'),(2589,152,'06:06:01'),(2590,153,'06:06:38'),(2591,154,'06:06:38'),(2592,155,'06:07:42'),(2593,156,'06:08:01'),(2594,157,'06:09:03'),(2595,158,'06:09:59'),(2596,159,'06:10:46'),(2597,160,'06:11:44'),(2598,161,'06:12:36'),(2599,162,'06:12:47'),(2600,163,'06:13:12'),(2601,164,'06:13:47'),(2602,165,'06:16:40'),(2603,166,'06:20:38'),(2604,167,'06:24:14'),(2605,168,'06:24:34'),(2606,169,'06:24:50'),(2607,170,'06:25:11'),(2608,171,'06:25:30'),(2609,172,'06:25:45'),(2610,173,'06:25:51'),(2611,174,'06:27:41'),(2612,149,'06:46:14'),(2613,150,'06:48:10'),(2614,151,'06:48:31'),(2615,152,'06:51:01'),(2616,153,'06:51:38'),(2617,154,'06:51:38'),(2618,155,'06:52:42'),(2619,156,'06:53:01'),(2620,157,'06:54:03'),(2621,158,'06:54:59'),(2622,159,'06:55:46'),(2623,160,'06:56:44'),(2624,161,'06:57:36'),(2625,162,'06:57:47'),(2626,163,'06:58:12'),(2627,164,'06:58:47'),(2628,165,'07:01:40'),(2629,166,'07:05:38'),(2630,167,'07:09:14'),(2631,168,'07:09:34'),(2632,169,'07:09:50'),(2633,170,'07:10:11'),(2634,171,'07:10:30'),(2635,172,'07:10:45'),(2636,173,'07:10:51'),(2637,174,'07:12:41'),(2638,149,'08:01:14'),(2639,150,'08:03:10'),(2640,151,'08:03:31'),(2641,152,'08:06:01'),(2642,153,'08:06:38'),(2643,154,'08:06:38'),(2644,155,'08:07:42'),(2645,156,'08:08:01'),(2646,157,'08:09:03'),(2647,158,'08:09:59'),(2648,159,'08:10:46'),(2649,160,'08:11:44'),(2650,161,'08:12:36'),(2651,162,'08:12:47'),(2652,163,'08:13:12'),(2653,164,'08:13:47'),(2654,165,'08:16:40'),(2655,166,'08:20:38'),(2656,167,'08:24:14'),(2657,168,'08:24:34'),(2658,169,'08:24:50'),(2659,170,'08:25:11'),(2660,171,'08:25:30'),(2661,172,'08:25:45'),(2662,173,'08:25:51'),(2663,174,'08:27:41'),(2664,149,'09:01:14'),(2665,150,'09:03:10'),(2666,151,'09:03:31'),(2667,152,'09:06:01'),(2668,153,'09:06:38'),(2669,154,'09:06:38'),(2670,155,'09:07:42'),(2671,156,'09:08:01'),(2672,157,'09:09:03'),(2673,158,'09:09:59'),(2674,159,'09:10:46'),(2675,160,'09:11:44'),(2676,161,'09:12:36'),(2677,162,'09:12:47'),(2678,163,'09:13:12'),(2679,164,'09:13:47'),(2680,165,'09:16:40'),(2681,166,'09:20:38'),(2682,167,'09:24:14'),(2683,168,'09:24:34'),(2684,169,'09:24:50'),(2685,170,'09:25:11'),(2686,171,'09:25:30'),(2687,172,'09:25:45'),(2688,173,'09:25:51'),(2689,174,'09:27:41'),(2690,149,'10:01:14'),(2691,150,'10:03:10'),(2692,151,'10:03:31'),(2693,152,'10:06:01'),(2694,153,'10:06:38'),(2695,154,'10:06:38'),(2696,155,'10:07:42'),(2697,156,'10:08:01'),(2698,157,'10:09:03'),(2699,158,'10:09:59'),(2700,159,'10:10:46'),(2701,160,'10:11:44'),(2702,161,'10:12:36'),(2703,162,'10:12:47'),(2704,163,'10:13:12'),(2705,164,'10:13:47'),(2706,165,'10:16:40'),(2707,166,'10:20:38'),(2708,167,'10:24:14'),(2709,168,'10:24:34'),(2710,169,'10:24:50'),(2711,170,'10:25:11'),(2712,171,'10:25:30'),(2713,172,'10:25:45'),(2714,173,'10:25:51'),(2715,174,'10:27:41'),(2716,149,'11:01:14'),(2717,150,'11:03:10'),(2718,151,'11:03:31'),(2719,152,'11:06:01'),(2720,153,'11:06:38'),(2721,154,'11:06:38'),(2722,155,'11:07:42'),(2723,156,'11:08:01'),(2724,157,'11:09:03'),(2725,158,'11:09:59'),(2726,159,'11:10:46'),(2727,160,'11:11:44'),(2728,161,'11:12:36'),(2729,162,'11:12:47'),(2730,163,'11:13:12'),(2731,164,'11:13:47'),(2732,165,'11:16:40'),(2733,166,'11:20:38'),(2734,167,'11:24:14'),(2735,168,'11:24:34'),(2736,169,'11:24:50'),(2737,170,'11:25:11'),(2738,171,'11:25:30'),(2739,172,'11:25:45'),(2740,173,'11:25:51'),(2741,174,'11:27:41'),(2742,149,'12:01:14'),(2743,150,'12:03:10'),(2744,151,'12:03:31'),(2745,152,'12:06:01'),(2746,153,'12:06:38'),(2747,154,'12:06:38'),(2748,155,'12:07:42'),(2749,156,'12:08:01'),(2750,157,'12:09:03'),(2751,158,'12:09:59'),(2752,159,'12:10:46'),(2753,160,'12:11:44'),(2754,161,'12:12:36'),(2755,162,'12:12:47'),(2756,163,'12:13:12'),(2757,164,'12:13:47'),(2758,165,'12:16:40'),(2759,166,'12:20:38'),(2760,167,'12:24:14'),(2761,168,'12:24:34'),(2762,169,'12:24:50'),(2763,170,'12:25:11'),(2764,171,'12:25:30'),(2765,172,'12:25:45'),(2766,173,'12:25:51'),(2767,174,'12:27:41'),(2768,149,'13:01:14'),(2769,150,'13:03:10'),(2770,151,'13:03:31'),(2771,152,'13:06:01'),(2772,153,'13:06:38'),(2773,154,'13:06:38'),(2774,155,'13:07:42'),(2775,156,'13:08:01'),(2776,157,'13:09:03'),(2777,158,'13:09:59'),(2778,159,'13:10:46'),(2779,160,'13:11:44'),(2780,161,'13:12:36'),(2781,162,'13:12:47'),(2782,163,'13:13:12'),(2783,164,'13:13:47'),(2784,165,'13:16:40'),(2785,166,'13:20:38'),(2786,167,'13:24:14'),(2787,168,'13:24:34'),(2788,169,'13:24:50'),(2789,170,'13:25:11'),(2790,171,'13:25:30'),(2791,172,'13:25:45'),(2792,173,'13:25:51'),(2793,174,'13:27:41'),(2794,149,'14:01:14'),(2795,150,'14:03:10'),(2796,151,'14:03:31'),(2797,152,'14:06:01'),(2798,153,'14:06:38'),(2799,154,'14:06:38'),(2800,155,'14:07:42'),(2801,156,'14:08:01'),(2802,157,'14:09:03'),(2803,158,'14:09:59'),(2804,159,'14:10:46'),(2805,160,'14:11:44'),(2806,161,'14:12:36'),(2807,162,'14:12:47'),(2808,163,'14:13:12'),(2809,164,'14:13:47'),(2810,165,'14:16:40'),(2811,166,'14:20:38'),(2812,167,'14:24:14'),(2813,168,'14:24:34'),(2814,169,'14:24:50'),(2815,170,'14:25:11'),(2816,171,'14:25:30'),(2817,172,'14:25:45'),(2818,173,'14:25:51'),(2819,174,'14:27:41'),(2820,149,'15:01:14'),(2821,150,'15:03:10'),(2822,151,'15:03:31'),(2823,152,'15:06:01'),(2824,153,'15:06:38'),(2825,154,'15:06:38'),(2826,155,'15:07:42'),(2827,156,'15:08:01'),(2828,157,'15:09:03'),(2829,158,'15:09:59'),(2830,159,'15:10:46'),(2831,160,'15:11:44'),(2832,161,'15:12:36'),(2833,162,'15:12:47'),(2834,163,'15:13:12'),(2835,164,'15:13:47'),(2836,165,'15:16:40'),(2837,166,'15:20:38'),(2838,167,'15:24:14'),(2839,168,'15:24:34'),(2840,169,'15:24:50'),(2841,170,'15:25:11'),(2842,171,'15:25:30'),(2843,172,'15:25:45'),(2844,173,'15:25:51'),(2845,174,'15:27:41'),(2846,149,'16:01:14'),(2847,150,'16:03:10'),(2848,151,'16:03:31'),(2849,152,'16:06:01'),(2850,153,'16:06:38'),(2851,154,'16:06:38'),(2852,155,'16:07:42'),(2853,156,'16:08:01'),(2854,157,'16:09:03'),(2855,158,'16:09:59'),(2856,159,'16:10:46'),(2857,160,'16:11:44'),(2858,161,'16:12:36'),(2859,162,'16:12:47'),(2860,163,'16:13:12'),(2861,164,'16:13:47'),(2862,165,'16:16:40'),(2863,166,'16:20:38'),(2864,167,'16:24:14'),(2865,168,'16:24:34'),(2866,169,'16:24:50'),(2867,170,'16:25:11'),(2868,171,'16:25:30'),(2869,172,'16:25:45'),(2870,173,'16:25:51'),(2871,174,'16:27:41'),(2872,149,'17:01:14'),(2873,150,'17:03:10'),(2874,151,'17:03:31'),(2875,152,'17:06:01'),(2876,153,'17:06:38'),(2877,154,'17:06:38'),(2878,155,'17:07:42'),(2879,156,'17:08:01'),(2880,157,'17:09:03'),(2881,158,'17:09:59'),(2882,159,'17:10:46'),(2883,160,'17:11:44'),(2884,161,'17:12:36'),(2885,162,'17:12:47'),(2886,163,'17:13:12'),(2887,164,'17:13:47'),(2888,165,'17:16:40'),(2889,166,'17:20:38'),(2890,167,'17:24:14'),(2891,168,'17:24:34'),(2892,169,'17:24:50'),(2893,170,'17:25:11'),(2894,171,'17:25:30'),(2895,172,'17:25:45'),(2896,173,'17:25:51'),(2897,174,'17:27:41'),(2898,149,'18:01:14'),(2899,150,'18:03:10'),(2900,151,'18:03:31'),(2901,152,'18:06:01'),(2902,153,'18:06:38'),(2903,154,'18:06:38'),(2904,155,'18:07:42'),(2905,156,'18:08:01'),(2906,157,'18:09:03'),(2907,158,'18:09:59'),(2908,159,'18:10:46'),(2909,160,'18:11:44'),(2910,161,'18:12:36'),(2911,162,'18:12:47'),(2912,163,'18:13:12'),(2913,164,'18:13:47'),(2914,165,'18:16:40'),(2915,166,'18:20:38'),(2916,167,'18:24:14'),(2917,168,'18:24:34'),(2918,169,'18:24:50'),(2919,170,'18:25:11'),(2920,171,'18:25:30'),(2921,172,'18:25:45'),(2922,173,'18:25:51'),(2923,174,'18:27:41'),(2924,149,'19:11:14'),(2925,150,'19:13:10'),(2926,151,'19:13:31'),(2927,152,'19:16:01'),(2928,153,'19:16:38'),(2929,154,'19:16:38'),(2930,155,'19:17:42'),(2931,156,'19:18:01'),(2932,157,'19:19:03'),(2933,158,'19:19:59'),(2934,159,'19:20:46'),(2935,160,'19:21:44'),(2936,161,'19:22:36'),(2937,162,'19:22:47'),(2938,163,'19:23:12'),(2939,164,'19:23:47'),(2940,165,'19:26:40'),(2941,166,'19:30:38'),(2942,167,'19:34:14'),(2943,168,'19:34:34'),(2944,169,'19:34:50'),(2945,170,'19:35:11'),(2946,171,'19:35:30'),(2947,172,'19:35:45'),(2948,173,'19:35:51'),(2949,174,'19:37:41'),(2950,177,'06:00:32'),(2951,178,'06:01:27'),(2952,179,'06:01:49'),(2953,180,'06:02:34'),(2954,181,'06:03:30'),(2955,182,'06:04:07'),(2956,183,'06:04:33'),(2957,184,'06:05:09'),(2958,185,'06:06:15'),(2959,186,'06:08:09'),(2960,187,'06:08:38'),(2961,188,'06:09:14'),(2962,189,'06:11:36'),(2963,190,'06:14:12'),(2964,191,'06:14:33'),(2965,192,'06:16:15'),(2966,193,'06:17:39'),(2967,194,'06:18:10'),(2968,195,'06:18:29'),(2969,196,'06:18:52'),(2970,197,'06:21:21'),(2971,198,'06:22:10'),(2972,199,'06:22:53'),(2973,200,'06:23:05'),(2974,201,'06:23:20'),(2975,202,'06:24:47'),(2976,203,'06:27:45'),(2977,204,'06:31:30'),(2978,177,'09:00:32'),(2979,178,'09:01:27'),(2980,179,'09:01:49'),(2981,180,'09:02:34'),(2982,181,'09:03:30'),(2983,182,'09:04:07'),(2984,183,'09:04:33'),(2985,184,'09:05:09'),(2986,185,'09:06:15'),(2987,186,'09:08:09'),(2988,187,'09:08:38'),(2989,188,'09:09:14'),(2990,189,'09:11:36'),(2991,190,'09:14:12'),(2992,191,'09:14:33'),(2993,192,'09:16:15'),(2994,193,'09:17:39'),(2995,194,'09:18:10'),(2996,195,'09:18:29'),(2997,196,'09:18:52'),(2998,197,'09:21:21'),(2999,198,'09:22:10'),(3000,199,'09:22:53'),(3001,200,'09:23:05'),(3002,201,'09:23:20'),(3003,202,'09:24:47'),(3004,203,'09:27:45'),(3005,204,'09:31:30'),(3006,177,'12:00:32'),(3007,178,'12:01:27'),(3008,179,'12:01:49'),(3009,180,'12:02:34'),(3010,181,'12:03:30'),(3011,182,'12:04:07'),(3012,183,'12:04:33'),(3013,184,'12:05:09'),(3014,185,'12:06:15'),(3015,186,'12:08:09'),(3016,187,'12:08:38'),(3017,188,'12:09:14'),(3018,189,'12:11:36'),(3019,190,'12:14:12'),(3020,191,'12:14:33'),(3021,192,'12:16:15'),(3022,193,'12:17:39'),(3023,194,'12:18:10'),(3024,195,'12:18:29'),(3025,196,'12:18:52'),(3026,197,'12:21:21'),(3027,198,'12:22:10'),(3028,199,'12:22:53'),(3029,200,'12:23:05'),(3030,201,'12:23:20'),(3031,202,'12:24:47'),(3032,203,'12:27:45'),(3033,204,'12:31:30'),(3034,177,'14:30:32'),(3035,178,'14:31:27'),(3036,179,'14:31:49'),(3037,180,'14:32:34'),(3038,181,'14:33:30'),(3039,182,'14:34:07'),(3040,183,'14:34:33'),(3041,184,'14:35:09'),(3042,185,'14:36:15'),(3043,186,'14:38:09'),(3044,187,'14:38:38'),(3045,188,'14:39:14'),(3046,189,'14:41:36'),(3047,190,'14:44:12'),(3048,191,'14:44:33'),(3049,192,'14:46:15'),(3050,193,'14:47:39'),(3051,194,'14:48:10'),(3052,195,'14:48:29'),(3053,196,'14:48:52'),(3054,197,'14:51:21'),(3055,198,'14:52:10'),(3056,199,'14:52:53'),(3057,200,'14:53:05'),(3058,201,'14:53:20'),(3059,202,'14:54:47'),(3060,203,'14:57:45'),(3061,204,'15:01:30'),(3062,177,'17:00:32'),(3063,178,'17:01:27'),(3064,179,'17:01:49'),(3065,180,'17:02:34'),(3066,181,'17:03:30'),(3067,182,'17:04:07'),(3068,183,'17:04:33'),(3069,184,'17:05:09'),(3070,185,'17:06:15'),(3071,186,'17:08:09'),(3072,187,'17:08:38'),(3073,188,'17:09:14'),(3074,189,'17:11:36'),(3075,190,'17:14:12'),(3076,191,'17:14:33'),(3077,192,'17:16:15'),(3078,193,'17:17:39'),(3079,194,'17:18:10'),(3080,195,'17:18:29'),(3081,196,'17:18:52'),(3082,197,'17:21:21'),(3083,198,'17:22:10'),(3084,199,'17:22:53'),(3085,200,'17:23:05'),(3086,201,'17:23:20'),(3087,202,'17:24:47'),(3088,203,'17:27:45'),(3089,204,'17:31:30'),(3090,207,'07:16:14'),(3091,208,'07:18:10'),(3092,209,'07:18:31'),(3093,210,'07:21:01'),(3094,211,'07:21:38'),(3095,212,'07:21:38'),(3096,213,'07:22:42'),(3097,214,'07:23:01'),(3098,215,'07:24:03'),(3099,216,'07:24:59'),(3100,217,'07:25:46'),(3101,218,'07:26:44'),(3102,219,'07:27:36'),(3103,220,'07:27:47'),(3104,221,'07:28:12'),(3105,222,'07:28:47'),(3106,223,'07:29:41'),(3107,224,'07:33:40'),(3108,225,'07:34:13'),(3109,226,'07:34:40'),(3110,227,'07:35:19'),(3111,228,'07:36:49'),(3112,229,'07:37:43'),(3113,230,'07:39:38'),(3114,231,'07:42:20'),(3115,232,'07:42:28'),(3116,233,'07:42:45'),(3117,234,'07:44:21'),(3118,235,'07:46:48'),(3119,236,'07:47:05'),(3120,237,'07:47:31'),(3121,238,'07:47:50'),(3122,239,'07:48:40'),(3123,207,'10:16:14'),(3124,208,'10:18:10'),(3125,209,'10:18:31'),(3126,210,'10:21:01'),(3127,211,'10:21:38'),(3128,212,'10:21:38'),(3129,213,'10:22:42'),(3130,214,'10:23:01'),(3131,215,'10:24:03'),(3132,216,'10:24:59'),(3133,217,'10:25:46'),(3134,218,'10:26:44'),(3135,219,'10:27:36'),(3136,220,'10:27:47'),(3137,221,'10:28:12'),(3138,222,'10:28:47'),(3139,223,'10:29:41'),(3140,224,'10:33:40'),(3141,225,'10:34:13'),(3142,226,'10:34:40'),(3143,227,'10:35:19'),(3144,228,'10:36:49'),(3145,229,'10:37:43'),(3146,230,'10:39:38'),(3147,231,'10:42:20'),(3148,232,'10:42:28'),(3149,233,'10:42:45'),(3150,234,'10:44:21'),(3151,235,'10:46:48'),(3152,236,'10:47:05'),(3153,237,'10:47:31'),(3154,238,'10:47:50'),(3155,239,'10:48:40'),(3156,207,'13:16:14'),(3157,208,'13:18:10'),(3158,209,'13:18:31'),(3159,210,'13:21:01'),(3160,211,'13:21:38'),(3161,212,'13:21:38'),(3162,213,'13:22:42'),(3163,214,'13:23:01'),(3164,215,'13:24:03'),(3165,216,'13:24:59'),(3166,217,'13:25:46'),(3167,218,'13:26:44'),(3168,219,'13:27:36'),(3169,220,'13:27:47'),(3170,221,'13:28:12'),(3171,222,'13:28:47'),(3172,223,'13:29:41'),(3173,224,'13:33:40'),(3174,225,'13:34:13'),(3175,226,'13:34:40'),(3176,227,'13:35:19'),(3177,228,'13:36:49'),(3178,229,'13:37:43'),(3179,230,'13:39:38'),(3180,231,'13:42:20'),(3181,232,'13:42:28'),(3182,233,'13:42:45'),(3183,234,'13:44:21'),(3184,235,'13:46:48'),(3185,236,'13:47:05'),(3186,237,'13:47:31'),(3187,238,'13:47:50'),(3188,239,'13:48:40'),(3189,207,'15:46:14'),(3190,208,'15:48:10'),(3191,209,'15:48:31'),(3192,210,'15:51:01'),(3193,211,'15:51:38'),(3194,212,'15:51:38'),(3195,213,'15:52:42'),(3196,214,'15:53:01'),(3197,215,'15:54:03'),(3198,216,'15:54:59'),(3199,217,'15:55:46'),(3200,218,'15:56:44'),(3201,219,'15:57:36'),(3202,220,'15:57:47'),(3203,221,'15:58:12'),(3204,222,'15:58:47'),(3205,223,'15:59:41'),(3206,224,'16:03:40'),(3207,225,'16:04:13'),(3208,226,'16:04:40'),(3209,227,'16:05:19'),(3210,228,'16:06:49'),(3211,229,'16:07:43'),(3212,230,'16:09:38'),(3213,231,'16:12:20'),(3214,232,'16:12:28'),(3215,233,'16:12:45'),(3216,234,'16:14:21'),(3217,235,'16:16:48'),(3218,236,'16:17:05'),(3219,237,'16:17:31'),(3220,238,'16:17:50'),(3221,239,'16:18:40'),(3222,207,'18:16:14'),(3223,208,'18:18:10'),(3224,209,'18:18:31'),(3225,210,'18:21:01'),(3226,211,'18:21:38'),(3227,212,'18:21:38'),(3228,213,'18:22:42'),(3229,214,'18:23:01'),(3230,215,'18:24:03'),(3231,216,'18:24:59'),(3232,217,'18:25:46'),(3233,218,'18:26:44'),(3234,219,'18:27:36'),(3235,220,'18:27:47'),(3236,221,'18:28:12'),(3237,222,'18:28:47'),(3238,223,'18:29:41'),(3239,224,'18:33:40'),(3240,225,'18:34:13'),(3241,226,'18:34:40'),(3242,227,'18:35:19'),(3243,228,'18:36:49'),(3244,229,'18:37:43'),(3245,230,'18:39:38'),(3246,231,'18:42:20'),(3247,232,'18:42:28'),(3248,233,'18:42:45'),(3249,234,'18:44:21'),(3250,235,'18:46:48'),(3251,236,'18:47:05'),(3252,237,'18:47:31'),(3253,238,'18:47:50'),(3254,239,'18:48:40');
/*!40000 ALTER TABLE `Schedule` ENABLE KEYS */;
UNLOCK TABLES;

--
-- Table structure for table `Weight`
--

DROP TABLE IF EXISTS `Weight`;
/*!40101 SET @saved_cs_client     = @@character_set_client */;
/*!50503 SET character_set_client = utf8mb4 */;
CREATE TABLE `Weight` (
  `WeightID` int unsigned NOT NULL AUTO_INCREMENT,
  `EdgeID` int unsigned NOT NULL,
  `Weight` double NOT NULL DEFAULT '0',
  `Type` int NOT NULL DEFAULT '0',
  PRIMARY KEY (`WeightID`),
  UNIQUE KEY `Weight_UN` (`WeightID`),
  KEY `Weight_FK` (`EdgeID`),
  CONSTRAINT `Weight_FK` FOREIGN KEY (`EdgeID`) REFERENCES `Edge` (`EdgeID`) ON DELETE CASCADE ON UPDATE CASCADE
) ENGINE=InnoDB AUTO_INCREMENT=469 DEFAULT CHARSET=utf8mb4 COLLATE=utf8mb4_0900_ai_ci;
/*!40101 SET character_set_client = @saved_cs_client */;

--
-- Dumping data for table `Weight`
--

LOCK TABLES `Weight` WRITE;
/*!40000 ALTER TABLE `Weight` DISABLE KEYS */;
INSERT INTO `Weight` VALUES (1,1,1.445,1),(2,2,1.397,1),(3,3,1.265,1),(4,4,0.161,1),(5,5,0.753,1),(6,6,1.62,1),(7,7,1.068,1),(8,8,2.234,1),(9,9,1.027,1),(10,10,1.103,1),(11,11,1.337,1),(12,12,1.705,1),(13,13,3.754,1),(14,14,0.298,1),(15,15,0.379,1),(16,16,0.255,1),(17,17,0.464,1),(18,18,2.784,1),(19,19,5.38,1),(20,20,0.614,1),(21,21,3.281,1),(22,22,1.006,1),(23,23,0.662,1),(24,24,1.069,1),(25,25,3.145,1),(26,26,0.776,1),(27,27,0.642,1),(28,28,0.758,1),(29,29,0.888,1),(30,30,0.63,1),(31,31,0.526,1),(32,32,1.228,1),(33,33,0.777,1),(34,34,0.174,1),(35,35,0.725,1),(36,36,1.128,1),(37,37,0.92,1),(38,38,0.566,1),(39,39,3.846,1),(40,40,2.207,1),(41,41,1.232,1),(42,42,1.197,1),(43,43,1.234,1),(44,44,0.877,1),(45,45,0.192,1),(46,46,0.625,1),(47,47,2.266,1),(48,48,0.947,1),(49,49,1.825,1),(50,50,0.79,1),(51,51,2.091,1),(52,52,0.843,1),(53,53,0.749,1),(54,54,0.919,1),(55,55,0.535,1),(56,56,1.414,1),(57,57,1.183,1),(58,58,1.131,1),(59,59,1.244,1),(60,60,0.63,1),(61,61,0.59,1),(62,62,0.798,1),(63,63,0.941,1),(64,64,0.629,1),(65,65,0.294,1),(66,66,0.909,1),(67,67,0.222,1),(68,68,0.483,1),(69,69,0.684,1),(70,70,1.263,1),(71,71,0.3,1),(72,72,0.715,1),(73,73,1.774,1),(74,74,0.494,1),(75,75,1.944,1),(76,76,0.674,1),(77,77,0.201,1),(78,78,0.585,1),(79,79,0.444,1),(80,80,0.233,1),(81,81,1.317,1),(82,82,1.932,1),(83,83,1.431,1),(84,84,1.459,1),(85,85,0.741,1),(86,86,1.695,1),(87,87,0.563,1),(88,88,0.699,1),(89,89,2.763,1),(90,90,3.029,1),(91,91,0.414,1),(92,92,1.93,1),(93,93,0.222,1),(94,94,0.483,1),(95,95,0.684,1),(96,96,1.049,1),(97,97,4.643,1),(98,98,0.636,1),(99,99,0.52,1),(100,100,1.954,1),(101,101,0.201,1),(102,102,0.689,1),(103,103,0.152,1),(104,104,2.293,1),(105,105,0.267,1),(106,106,0.266,1),(107,107,0.398,1),(108,108,1.323,1),(109,109,1.64,1),(110,110,1.337,1),(111,111,1.705,1),(112,112,1.043,1),(113,113,0.353,1),(114,114,1.274,1),(115,115,3.778,1),(116,116,6.366,1),(117,117,0.614,1),(118,118,1.341,1),(119,119,0.79,1),(120,120,2.091,1),(121,121,0.82,1),(122,122,2.632,1),(123,123,0.383,1),(124,124,0.303,1),(125,125,0.417,1),(126,126,0.364,1),(127,127,0.61,1),(128,128,0.345,1),(129,129,2.57,1),(130,130,0.414,1),(131,131,1.992,1),(132,132,1.631,1),(133,133,0.611,1),(134,134,0.371,1),(135,135,0.44,1),(136,136,2.901,1),(137,137,0.945,1),(138,138,0.84,1),(139,139,0.235,1),(140,140,0.297,1),(141,141,1.7,1),(142,142,3.469,1),(143,143,4.367,1),(144,144,3.624,1),(145,145,1.445,1),(146,146,2.249,1),(147,147,0.416,1),(148,148,2.917,1),(149,149,0.72,1),(150,150,0.002,1),(151,151,1.247,1),(152,152,0.37,1),(153,153,1.21,1),(154,154,1.095,1),(155,155,0.913,1),(156,156,1.123,1),(157,157,1.014,1),(158,158,0.222,1),(159,159,0.483,1),(160,160,0.684,1),(161,161,3.371,1),(162,162,4.637,1),(163,163,4.2,1),(164,164,0.383,1),(165,165,0.303,1),(166,166,0.417,1),(167,167,0.364,1),(168,168,0.299,1),(169,169,0.108,1),(170,170,2.14,1),(171,171,0.703,1),(172,172,0.62,1),(173,173,1.068,1),(174,174,0.432,1),(175,175,0.873,1),(176,176,1.092,1),(177,177,0.723,1),(178,178,0.512,1),(179,179,0.703,1),(180,180,1.285,1),(181,181,2.226,1),(182,182,0.563,1),(183,183,0.699,1),(184,184,2.763,1),(185,185,3.029,1),(186,186,0.414,1),(187,187,1.992,1),(188,188,1.631,1),(189,189,0.611,1),(190,190,0.371,1),(191,191,0.44,1),(192,192,2.901,1),(193,193,0.945,1),(194,194,0.84,1),(195,195,0.235,1),(196,196,0.297,1),(197,197,1.7,1),(198,198,3.469,1),(199,199,4.367,1),(200,200,3.624,1),(201,201,1.445,1),(202,202,2.249,1),(203,203,0.416,1),(204,204,2.917,1),(205,205,0.72,1),(206,206,0.002,1),(207,207,1.247,1),(208,208,0.37,1),(209,209,1.21,1),(210,210,1.095,1),(211,211,0.913,1),(212,212,1.123,1),(213,213,1.014,1),(214,214,0.222,1),(215,215,0.483,1),(216,216,0.684,1),(217,217,1.049,1),(218,218,4.643,1),(219,219,0.636,1),(220,220,0.52,1),(221,221,0.756,1),(222,222,1.757,1),(223,223,1.05,1),(224,224,2.227,1),(225,225,3.159,1),(226,226,0.146,1),(227,227,0.327,1),(228,228,1.862,1),(229,229,2.865,1),(230,230,0.336,1),(231,231,0.515,1),(232,232,0.362,1),(233,233,0.965,1),(234,234,0.658,1),(235,1,1.2385714285714287,2),(236,2,1.1974285714285715,2),(237,3,1.0842857142857143,2),(238,4,0.138,2),(239,5,0.6454285714285715,2),(240,6,1.3885714285714288,2),(241,7,0.9154285714285715,2),(242,8,1.9148571428571428,2),(243,9,0.8802857142857142,2),(244,10,0.9454285714285715,2),(245,11,1.146,2),(246,12,1.4614285714285715,2),(247,13,3.2177142857142855,2),(248,14,0.2554285714285714,2),(249,15,0.32485714285714284,2),(250,16,0.21857142857142858,2),(251,17,0.39771428571428574,2),(252,18,2.386285714285714,2),(253,19,4.611428571428571,2),(254,20,0.5262857142857142,2),(255,21,2.8122857142857143,2),(256,22,0.8622857142857143,2),(257,23,0.5674285714285715,2),(258,24,0.9162857142857143,2),(259,25,2.6957142857142857,2),(260,26,0.6651428571428571,2),(261,27,0.5502857142857143,2),(262,28,0.6497142857142857,2),(263,29,0.7611428571428571,2),(264,30,0.5399999999999999,2),(265,31,0.4508571428571429,2),(266,32,1.0525714285714285,2),(267,33,0.666,2),(268,34,0.14914285714285713,2),(269,35,0.6214285714285714,2),(270,36,0.9668571428571427,2),(271,37,0.7885714285714286,2),(272,38,0.4851428571428571,2),(273,39,3.2965714285714287,2),(274,40,1.8917142857142857,2),(275,41,1.056,2),(276,42,1.026,2),(277,43,1.0577142857142856,2),(278,44,0.7517142857142858,2),(279,45,0.16457142857142856,2),(280,46,0.5357142857142857,2),(281,47,1.9422857142857144,2),(282,48,0.8117142857142857,2),(283,49,1.5642857142857143,2),(284,50,0.6771428571428572,2),(285,51,1.7922857142857145,2),(286,52,0.7225714285714285,2),(287,53,0.642,2),(288,54,0.7877142857142857,2),(289,55,0.4585714285714286,2),(290,56,1.212,2),(291,57,1.014,2),(292,58,0.9694285714285713,2),(293,59,1.0662857142857143,2),(294,60,0.5399999999999999,2),(295,61,0.5057142857142857,2),(296,62,0.684,2),(297,63,0.8065714285714285,2),(298,64,0.5391428571428571,2),(299,65,0.252,2),(300,66,0.7791428571428571,2),(301,67,0.19028571428571428,2),(302,68,0.414,2),(303,69,0.5862857142857143,2),(304,70,1.0825714285714285,2),(305,71,0.2571428571428572,2),(306,72,0.6128571428571429,2),(307,73,1.5205714285714285,2),(308,74,0.42342857142857143,2),(309,75,1.6662857142857144,2),(310,76,0.5777142857142857,2),(311,77,0.1722857142857143,2),(312,78,0.5014285714285713,2),(313,79,0.38057142857142856,2),(314,80,0.1997142857142857,2),(315,81,1.1288571428571428,2),(316,82,1.656,2),(317,83,1.2265714285714286,2),(318,84,1.2505714285714287,2),(319,85,0.6351428571428571,2),(320,86,1.4528571428571428,2),(321,87,0.4825714285714285,2),(322,88,0.5991428571428571,2),(323,89,2.368285714285714,2),(324,90,2.596285714285714,2),(325,91,0.3548571428571428,2),(326,92,1.6542857142857141,2),(327,93,0.19028571428571428,2),(328,94,0.414,2),(329,95,0.5862857142857143,2),(330,96,0.899142857142857,2),(331,97,3.979714285714286,2),(332,98,0.5451428571428572,2),(333,99,0.44571428571428573,2),(334,100,1.6748571428571428,2),(335,101,0.1722857142857143,2),(336,102,0.5905714285714285,2),(337,103,0.13028571428571428,2),(338,104,1.9654285714285715,2),(339,105,0.22885714285714287,2),(340,106,0.228,2),(341,107,0.3411428571428572,2),(342,108,1.134,2),(343,109,1.4057142857142857,2),(344,110,1.146,2),(345,111,1.4614285714285715,2),(346,112,0.8939999999999999,2),(347,113,0.30257142857142855,2),(348,114,1.092,2),(349,115,3.2382857142857144,2),(350,116,5.456571428571428,2),(351,117,0.5262857142857142,2),(352,118,1.1494285714285712,2),(353,119,0.6771428571428572,2),(354,120,1.7922857142857145,2),(355,121,0.7028571428571428,2),(356,122,2.2560000000000002,2),(357,123,0.3282857142857143,2),(358,124,0.2597142857142857,2),(359,125,0.35742857142857143,2),(360,126,0.312,2),(361,127,0.5228571428571429,2),(362,128,0.2957142857142857,2),(363,129,2.202857142857143,2),(364,130,0.3548571428571428,2),(365,131,1.7074285714285715,2),(366,132,1.3980000000000001,2),(367,133,0.5237142857142857,2),(368,134,0.318,2),(369,135,0.37714285714285717,2),(370,136,2.4865714285714287,2),(371,137,0.8099999999999999,2),(372,138,0.72,2),(373,139,0.20142857142857143,2),(374,140,0.25457142857142856,2),(375,141,1.457142857142857,2),(376,142,2.9734285714285713,2),(377,143,3.7431428571428573,2),(378,144,3.1062857142857143,2),(379,145,1.2385714285714287,2),(380,146,1.9277142857142857,2),(381,147,0.3565714285714286,2),(382,148,2.500285714285714,2),(383,149,0.6171428571428571,2),(384,150,0.0017142857142857142,2),(385,151,1.068857142857143,2),(386,152,0.31714285714285717,2),(387,153,1.0371428571428571,2),(388,154,0.9385714285714285,2),(389,155,0.7825714285714286,2),(390,156,0.9625714285714286,2),(391,157,0.8691428571428571,2),(392,158,0.19028571428571428,2),(393,159,0.414,2),(394,160,0.5862857142857143,2),(395,161,2.8894285714285712,2),(396,162,3.9745714285714278,2),(397,163,3.6,2),(398,164,0.3282857142857143,2),(399,165,0.2597142857142857,2),(400,166,0.35742857142857143,2),(401,167,0.312,2),(402,168,0.2562857142857143,2),(403,169,0.09257142857142857,2),(404,170,1.8342857142857143,2),(405,171,0.6025714285714285,2),(406,172,0.5314285714285714,2),(407,173,0.9154285714285715,2),(408,174,0.3702857142857143,2),(409,175,0.7482857142857142,2),(410,176,0.936,2),(411,177,0.6197142857142857,2),(412,178,0.43885714285714283,2),(413,179,0.6025714285714285,2),(414,180,1.1014285714285714,2),(415,181,1.9080000000000001,2),(416,182,0.4825714285714285,2),(417,183,0.5991428571428571,2),(418,184,2.368285714285714,2),(419,185,2.596285714285714,2),(420,186,0.3548571428571428,2),(421,187,1.7074285714285715,2),(422,188,1.3980000000000001,2),(423,189,0.5237142857142857,2),(424,190,0.318,2),(425,191,0.37714285714285717,2),(426,192,2.4865714285714287,2),(427,193,0.8099999999999999,2),(428,194,0.72,2),(429,195,0.20142857142857143,2),(430,196,0.25457142857142856,2),(431,197,1.457142857142857,2),(432,198,2.9734285714285713,2),(433,199,3.7431428571428573,2),(434,200,3.1062857142857143,2),(435,201,1.2385714285714287,2),(436,202,1.9277142857142857,2),(437,203,0.3565714285714286,2),(438,204,2.500285714285714,2),(439,205,0.6171428571428571,2),(440,206,0.0017142857142857142,2),(441,207,1.068857142857143,2),(442,208,0.31714285714285717,2),(443,209,1.0371428571428571,2),(444,210,0.9385714285714285,2),(445,211,0.7825714285714286,2),(446,212,0.9625714285714286,2),(447,213,0.8691428571428571,2),(448,214,0.19028571428571428,2),(449,215,0.414,2),(450,216,0.5862857142857143,2),(451,217,0.899142857142857,2),(452,218,3.979714285714286,2),(453,219,0.5451428571428572,2),(454,220,0.44571428571428573,2),(455,221,0.648,2),(456,222,1.5059999999999998,2),(457,223,0.9,2),(458,224,1.9088571428571428,2),(459,225,2.7077142857142857,2),(460,226,0.12514285714285714,2),(461,227,0.2802857142857143,2),(462,228,1.596,2),(463,229,2.455714285714286,2),(464,230,0.28800000000000003,2),(465,231,0.44142857142857145,2),(466,232,0.3102857142857143,2),(467,233,0.8271428571428571,2),(468,234,0.5640000000000001,2);
/*!40000 ALTER TABLE `Weight` ENABLE KEYS */;
UNLOCK TABLES;
/*!40103 SET TIME_ZONE=@OLD_TIME_ZONE */;

/*!40101 SET SQL_MODE=@OLD_SQL_MODE */;
/*!40014 SET FOREIGN_KEY_CHECKS=@OLD_FOREIGN_KEY_CHECKS */;
/*!40014 SET UNIQUE_CHECKS=@OLD_UNIQUE_CHECKS */;
/*!40101 SET CHARACTER_SET_CLIENT=@OLD_CHARACTER_SET_CLIENT */;
/*!40101 SET CHARACTER_SET_RESULTS=@OLD_CHARACTER_SET_RESULTS */;
/*!40101 SET COLLATION_CONNECTION=@OLD_COLLATION_CONNECTION */;
/*!40111 SET SQL_NOTES=@OLD_SQL_NOTES */;

-- Dump completed on 2023-03-23 22:01:28
