-- MySQL dump 10.13  Distrib 8.0.32, for macos13.0 (arm64)
--
-- Host: localhost    Database: DSA_JP
-- ------------------------------------------------------
-- Server version	8.0.32

/*!40101 SET @OLD_CHARACTER_SET_CLIENT=@@CHARACTER_SET_CLIENT */;
/*!40101 SET @OLD_CHARACTER_SET_RESULTS=@@CHARACTER_SET_RESULTS */;
/*!40101 SET @OLD_COLLATION_CONNECTION=@@COLLATION_CONNECTION */;
/*!50503 SET NAMES utf8mb4 */;
/*!40103 SET @OLD_TIME_ZONE=@@TIME_ZONE */;
/*!40103 SET TIME_ZONE='+00:00' */;
/*!40014 SET @OLD_UNIQUE_CHECKS=@@UNIQUE_CHECKS, UNIQUE_CHECKS=0 */;
/*!40014 SET @OLD_FOREIGN_KEY_CHECKS=@@FOREIGN_KEY_CHECKS, FOREIGN_KEY_CHECKS=0 */;
/*!40101 SET @OLD_SQL_MODE=@@SQL_MODE, SQL_MODE='NO_AUTO_VALUE_ON_ZERO' */;
/*!40111 SET @OLD_SQL_NOTES=@@SQL_NOTES, SQL_NOTES=0 */;

--
-- Table structure for table `Bus`
--

DROP TABLE IF EXISTS `Bus`;
/*!40101 SET @saved_cs_client     = @@character_set_client */;
/*!50503 SET character_set_client = utf8mb4 */;
CREATE TABLE `Bus` (
  `BusID` int unsigned NOT NULL AUTO_INCREMENT,
  `Name` varchar(100) NOT NULL,
  `Type` int NOT NULL DEFAULT '1',
  `StartBusStopID` int unsigned NOT NULL,
  `EndBusStopID` int unsigned NOT NULL,
  PRIMARY KEY (`BusID`),
  UNIQUE KEY `Bus_UN` (`Name`),
  UNIQUE KEY `Bus_UN2` (`BusID`),
  KEY `Bus_FK` (`StartBusStopID`),
  KEY `Bus_FK_1` (`EndBusStopID`),
  CONSTRAINT `Bus_FK` FOREIGN KEY (`StartBusStopID`) REFERENCES `BusStop` (`BusStopID`) ON DELETE CASCADE ON UPDATE CASCADE,
  CONSTRAINT `Bus_FK_1` FOREIGN KEY (`EndBusStopID`) REFERENCES `BusStop` (`BusStopID`) ON DELETE CASCADE ON UPDATE CASCADE
) ENGINE=InnoDB AUTO_INCREMENT=11 DEFAULT CHARSET=utf8mb4 COLLATE=utf8mb4_0900_ai_ci;
/*!40101 SET character_set_client = @saved_cs_client */;

--
-- Dumping data for table `Bus`
--

LOCK TABLES `Bus` WRITE;
/*!40000 ALTER TABLE `Bus` DISABLE KEYS */;
INSERT INTO `Bus` VALUES (1,'P101',2,1,1),(2,'P106',2,19,19),(3,'P202',2,52,52),(4,'P403',2,79,79),(5,'P102-01',1,19,11),(6,'P102-02',1,11,19),(7,'P211-01',1,52,1),(8,'P211-02',1,1,52),(9,'P411-01',1,145,1),(10,'P411-02',1,1,145);
/*!40000 ALTER TABLE `Bus` ENABLE KEYS */;
UNLOCK TABLES;

--
-- Table structure for table `BusRoute`
--

DROP TABLE IF EXISTS `BusRoute`;
/*!40101 SET @saved_cs_client     = @@character_set_client */;
/*!50503 SET character_set_client = utf8mb4 */;
CREATE TABLE `BusRoute` (
  `RouteID` int unsigned NOT NULL AUTO_INCREMENT,
  `BusID` int unsigned NOT NULL,
  `BusStopID` int unsigned NOT NULL,
  `StopOrder` int NOT NULL DEFAULT '0',
  PRIMARY KEY (`RouteID`),
  UNIQUE KEY `BusRoute_UN` (`RouteID`),
  KEY `BusRoute_FK` (`BusID`),
  KEY `BusRoute_FK_1` (`BusStopID`),
  CONSTRAINT `BusRoute_FK` FOREIGN KEY (`BusID`) REFERENCES `Bus` (`BusID`) ON DELETE CASCADE ON UPDATE CASCADE,
  CONSTRAINT `BusRoute_FK_1` FOREIGN KEY (`BusStopID`) REFERENCES `BusStop` (`BusStopID`) ON DELETE CASCADE ON UPDATE CASCADE
) ENGINE=InnoDB AUTO_INCREMENT=241 DEFAULT CHARSET=utf8mb4 COLLATE=utf8mb4_0900_ai_ci;
/*!40101 SET character_set_client = @saved_cs_client */;

--
-- Dumping data for table `BusRoute`
--

LOCK TABLES `BusRoute` WRITE;
/*!40000 ALTER TABLE `BusRoute` DISABLE KEYS */;
INSERT INTO `BusRoute` VALUES (1,1,1,-1),(2,1,2,1),(3,1,3,2),(4,1,4,3),(5,1,5,4),(6,1,6,5),(7,1,7,6),(8,1,8,7),(9,1,9,8),(10,1,10,9),(11,1,11,10),(12,1,12,11),(13,1,13,12),(14,1,14,13),(15,1,15,14),(16,1,16,15),(17,1,17,16),(18,1,18,17),(19,2,19,-1),(20,2,20,1),(21,2,21,2),(22,2,22,3),(23,2,23,4),(24,2,24,5),(25,2,25,6),(26,2,26,7),(27,2,27,8),(28,2,28,9),(29,2,29,10),(30,2,30,11),(31,2,31,12),(32,2,32,13),(33,2,33,14),(34,2,34,15),(35,2,35,16),(36,2,36,17),(37,2,37,18),(38,2,38,19),(39,2,39,20),(40,2,40,21),(41,2,41,22),(42,2,42,23),(43,2,43,24),(44,2,44,25),(45,2,45,26),(46,2,46,27),(47,2,47,28),(48,2,48,29),(49,2,49,30),(50,2,50,31),(51,2,51,32),(52,3,52,-1),(53,3,53,1),(54,3,54,2),(55,3,55,3),(56,3,56,4),(57,3,57,5),(58,3,58,6),(59,3,59,7),(60,3,60,8),(61,3,61,9),(62,3,62,10),(63,3,63,11),(64,3,64,12),(65,3,65,13),(66,3,66,14),(67,3,67,15),(68,3,68,16),(69,3,69,17),(70,3,70,18),(71,3,71,19),(72,3,72,20),(73,3,73,21),(74,3,74,22),(75,3,75,23),(76,3,76,24),(77,3,77,25),(78,3,78,26),(79,4,79,-1),(80,4,80,1),(81,4,81,2),(82,4,82,3),(83,4,83,4),(84,4,84,5),(85,4,85,6),(86,4,86,7),(87,4,87,8),(88,4,88,9),(89,4,89,10),(90,4,90,11),(91,4,91,12),(92,4,92,13),(93,4,67,14),(94,4,68,15),(95,4,69,16),(96,4,70,17),(97,4,93,18),(98,4,94,19),(99,4,95,20),(100,4,96,21),(101,4,97,22),(102,5,19,1),(103,5,98,2),(104,5,99,3),(105,5,100,4),(106,5,101,5),(107,5,102,6),(108,5,103,7),(109,5,104,8),(110,5,11,9),(111,6,11,1),(112,6,12,2),(113,6,13,3),(114,6,105,4),(115,6,106,5),(116,6,107,6),(117,6,108,7),(118,6,20,8),(119,6,21,9),(120,6,50,10),(121,6,51,11),(122,6,19,12),(123,7,52,1),(124,7,109,2),(125,7,110,3),(126,7,111,4),(127,7,112,5),(128,7,113,6),(129,7,114,7),(130,7,115,8),(131,7,116,9),(132,7,91,10),(133,7,92,11),(134,7,117,12),(135,7,118,13),(136,7,119,14),(137,7,120,15),(138,7,121,16),(139,7,122,17),(140,7,123,18),(141,7,124,19),(142,7,125,20),(143,7,126,21),(144,7,127,22),(145,7,128,23),(146,7,129,24),(147,7,1,25),(148,8,1,1),(149,8,2,2),(150,8,130,3),(151,8,131,4),(152,8,132,5),(153,8,133,6),(154,8,134,7),(155,8,135,8),(156,8,136,9),(157,8,137,10),(158,8,138,11),(159,8,139,12),(160,8,140,13),(161,8,67,14),(162,8,68,15),(163,8,69,16),(164,8,70,17),(165,8,141,18),(166,8,73,19),(167,8,110,20),(168,8,111,21),(169,8,112,22),(170,8,113,23),(171,8,114,24),(172,8,142,25),(173,8,143,26),(174,8,144,27),(175,8,52,28),(176,9,145,1),(177,9,146,2),(178,9,147,3),(179,9,148,4),(180,9,149,5),(181,9,150,6),(182,9,151,7),(183,9,152,8),(184,9,153,9),(185,9,154,10),(186,9,87,11),(187,9,88,12),(188,9,89,13),(189,9,90,14),(190,9,91,15),(191,9,92,16),(192,9,117,17),(193,9,118,18),(194,9,119,19),(195,9,120,20),(196,9,121,21),(197,9,122,22),(198,9,123,23),(199,9,124,24),(200,9,125,25),(201,9,126,26),(202,9,127,27),(203,9,128,28),(204,9,129,29),(205,9,1,30),(206,10,1,1),(207,10,2,2),(208,10,130,3),(209,10,131,4),(210,10,132,5),(211,10,133,6),(212,10,134,7),(213,10,135,8),(214,10,136,9),(215,10,137,10),(216,10,138,11),(217,10,139,12),(218,10,140,13),(219,10,67,14),(220,10,68,15),(221,10,69,16),(222,10,70,17),(223,10,93,18),(224,10,94,19),(225,10,95,20),(226,10,96,21),(227,10,155,22),(228,10,156,23),(229,10,157,24),(230,10,158,25),(231,10,159,26),(232,10,160,27),(233,10,161,28),(234,10,162,29),(235,10,163,30),(236,10,164,31),(237,10,165,32),(238,10,166,33),(239,10,167,34),(240,10,145,35);
/*!40000 ALTER TABLE `BusRoute` ENABLE KEYS */;
UNLOCK TABLES;

--
-- Table structure for table `BusStop`
--

DROP TABLE IF EXISTS `BusStop`;
/*!40101 SET @saved_cs_client     = @@character_set_client */;
/*!50503 SET character_set_client = utf8mb4 */;
CREATE TABLE `BusStop` (
  `BusStopID` int unsigned NOT NULL AUTO_INCREMENT,
  `Name` varchar(500) NOT NULL,
  `Latitude` double NOT NULL,
  `Longitude` double NOT NULL,
  PRIMARY KEY (`BusStopID`),
  UNIQUE KEY `BusStop_UN` (`Name`),
  UNIQUE KEY `BusStop_UN2` (`BusStopID`)
) ENGINE=InnoDB AUTO_INCREMENT=168 DEFAULT CHARSET=utf8mb4 COLLATE=utf8mb4_0900_ai_ci;
/*!40101 SET character_set_client = @saved_cs_client */;

--
-- Dumping data for table `BusStop`
--

LOCK TABLES `BusStop` WRITE;
/*!40000 ALTER TABLE `BusStop` DISABLE KEYS */;
INSERT INTO `BusStop` VALUES (1,'Larkin Terminal',1.4964559999542668,103.74374661113058),(2,'Pejabat Daerah Tanah Johor Bahru',1.491850778809332,103.74087255093272),(3,'RTM Jabatan Penyiaran Negeri Johor',1.4801823177394162,103.7368168221016),(4,'Opp Masjid Kolam Ayer',1.4689940555974177,103.7368740086021),(5,'Opp Jabatan Pendidikan Johor',1.4675510557185905,103.73673088953657),(6,'Maktab Sultan Abu Bakar (English College',1.4627466510403129,103.73965194475493),(7,'Hospital Sultanah Aminah',1.4575742843315376,103.74670675307506),(8,'Johor Islamic Complex',1.456742090233385,103.74938268472616),(9,'Bangunan Sultan Ibrahim',1.4598336266506124,103.76216068221784),(10,'Wisma Persekutuan',1.4609620562865593,103.75782511045665),(11,'Majlis Bandaraya Johor Bahru',1.4555985388016415,103.76176881099856),(12,'JB Sentral Terminal',1.4635691591027955,103.76499694129318),(13,'Menara MSC Cyberport',1.4622515143439279,103.77198033612271),(14,'Opp Sekolah Kebangsaan Perempuan Jalan Yahya Awal',1.4728712972429236,103.74885185047674),(15,'Petronas Kiosk @ Jalan Yahya Awal',1.4753718119884702,103.7479248341084),(16,'Opp SJK (T) Jalan Yahya Awal',1.478736856876273,103.74753116069688),(17,'aft Jalan Tasek Utara',1.4810361535128787,103.74738498637815),(18,'Opp Yayasan Bandaraya Johor Bahru',1.4843491421227393,103.74925303801986),(19,'Hub PPR Sri Stulang',1.495066778509724,103.78766489813552),(20,'aft Jalan Pasir Pelangi',1.4961999552580305,103.7842123533323),(21,'Petronas Kiosk @ Taman Bayu Puteri',1.4971903071581996,103.78956720733493),(22,'BHPetrol Kiosk @ Permas Jaya',1.4942010877822336,103.81293468220896),(23,'AEON Permas Jaya',1.4960852287704014,103.81969568579773),(24,'Dewan Serbaguna Permas Jaya',1.4977243949059944,103.82415696808461),(25,'Mon Glori Apartment',1.500135152236701,103.82219739383686),(26,'Opp Best Ku Motor',1.5210770997516314,103.820602817106),(27,'Opp Kia Motors',1.5263136695996888,103.81667548941742),(28,'bef Jalan Masai Baru',1.5234081864988613,103.81300609325264),(29,'Lotus Plentong (Tesco Extra)',1.5208503941324885,103.81512393616983),(30,'aft Jalan Masai Baru',1.5233928073879512,103.81260417664944),(31,'Giant Plentong',1.5278964005623548,103.81601426255317),(32,'Hse No. 1 Jalan Seroja 22',1.5310476061988132,103.8145170588567),(33,'Opp Jalan Keembong 43',1.5333407999575837,103.80570189815187),(34,'Jalan Seroja 54',1.5370755247775638,103.79990688093852),(35,'Jalan Bakawali 86',1.5383792496951987,103.79904754232605),(36,'Opp Pasar Awam Johor Jaya',1.5442854061651363,103.79952183431531),(37,'AEON Tebrau City',1.551607288125913,103.79669251653316),(38,'Hospital Sultan Ismail',1.5499616635265265,103.7903773386306),(39,'Hospital Sultan Ismail 2',1.5461347994301888,103.78920168581082),(40,'Opp Suntoyo Enterprise',1.5341435435769857,103.80433427473359),(41,'Kia Motors',1.526168775593852,103.8171041865054),(42,'Best Ku Motor',1.521229194565067,103.82080505021621),(43,'House No. 63 Jalan Permas 1/1',1.5148264261333237,103.81827810186249),(44,'Jalan Permas 5/6',1.5038237251409665,103.8176464576763),(45,'Sekolah Kebangsaan Taman Permas Jaya 3',1.5001862028022683,103.8204708549044),(46,'Pan Vista',1.5001335277464176,103.82219863061796),(47,'aft Jalan Permas 8/14',1.5001599109500323,103.82588336441847),(48,'Opp BHPetrol Kiosk @ Permas Jaya',1.4938852204096618,103.81312044545798),(49,'bef Shell Kiosk @ Permas Jaya',1.4923948683016146,103.80490543187601),(50,'Opp Petronas Kiosk @ Taman Bayu Puteri',1.4968842607355726,103.78946726500905),(51,'PPR Sri Stulang',1.495216173514998,103.78930285504046),(52,'Taman Universiti Terminal',1.5386151368910133,103.62871889454172),(53,'opp Sekolah Kebangsaan Taman Universiti 4',1.534308506240654,103.62710937673535),(54,'Surau As Syakirin',1.5300540567469194,103.62919660110482),(55,'Opp SMK Taman Mutiara Rini',1.5245751999325976,103.63517558879529),(56,'Opp Jalan Utama 34',1.5209523625266286,103.6382563336594),(57,'Opp Hutan Bandar MBIP',1.511956346715004,103.63465643183984),(58,'Shop No. 81 Jalan Seri Orkid 17',1.5101921953830588,103.64217620731986),(59,'Opp Bahagian Teknologi Pendidikan Negeri Johor',1.5175625167281073,103.64918489637948),(60,'Union Inn',1.5158966494768213,103.65719490175148),(61,'Shophouses @ Jalan Nakhoda 2',1.51794055733978,103.65911972380891),(62,'bef Terminal TUTA',1.5197638759318781,103.66085007960669),(63,'Polilkinik Yap',1.5225300824672,103.66338557173337),(64,'bef Jalan Tun Teja',1.5243236689609123,103.66502786371659),(65,'Shophouses @ Jalan Perwira 9',1.5276000687198807,103.66490681659525),(66,'Sin Kok Soon Motor (JB) Sdn Bhd',1.5295849000522657,103.66525083069143),(67,'aft Jalan Patin',1.5350511809872578,103.66474654589447),(68,'SJK(C) Pu Sze',1.5365257998200346,103.66343750790784),(69,'aft Shell Kiosk - Skudai',1.5397247249617794,103.66050127115842),(70,'Shell Kiosk @ Taman Sri Putri',1.5449034370227417,103.65727484903925),(71,'Masjid Abidin',1.5429731311255839,103.65085627727618),(72,'Shophouses along Jalan Tembaga Kuning 4',1.544925677392113,103.6527194257566),(73,'Shophouses @ Jalan Suasa 1',1.549647043669743,103.65179955454633),(74,'bef Jalan Hamoni 14',1.5445769961776104,103.64397333250112),(75,'Opp Apartment Pasti Asli',1.5412268239025178,103.6412379663487),(76,'Opp Surau As Syakirin',1.5297380248680652,103.62928263558307),(77,'Sekolah Kebangsaan Taman Universiti 4',1.534463375001581,103.62709807102706),(78,'Jalan Kebudayaan 27 / 24 Intersection',1.535736987403005,103.6281658048895),(79,'Econsave Senai',1.6110068446478472,103.65629332000914),(80,'Opp Pusat Hemodialisis Rotary Kulai',1.6125013180073793,103.65816892145304),(81,'Opp Taman Bintang',1.6145424343173105,103.658532012215),(82,'Kawasan Perindustrian Senai 3',1.6261343968296889,103.65631508831991),(83,'Senai Airport Terminal',1.6349379250179437,103.66630691168017),(84,'NSTP Senai',1.6283976940465283,103.65689819511196),(85,'Taman Bintang',1.615570955439796,103.65883089562581),(86,'Taman Mewah',1.6093409706514916,103.65682082209246),(87,'Medan Selera Senai',1.6013846087875712,103.64515677546767),(88,'Opp Sekolah Kebangsaan Senai',1.596764420712483,103.64559102580564),(89,'Opp BHPetrol Kiosk @ Taman Aman',1.5910215647537664,103.64796686012346),(90,'aft Lebuhraya Utara-Selatan',1.5710682887829601,103.66094006994001),(91,'Opp Shell Kiosk @ Taman Sri Putri',1.5446071130881212,103.65778209077513),(92,'Skudai Parade',1.541540224027169,103.65954500502208),(93,'aft Tenaga Nasional Bhd Substation',1.554106991277451,103.65853254841942),(94,'bef BHPetrol Kiosk @ Taman Aman',1.5906962752714202,103.64770108827454),(95,'bef Sekolah Kebangsaan Senai',1.595899319482502,103.64536899139767),(96,'Opp Medan Selera Senai',1.6002634055808034,103.64459319263067),(97,'bef Econsave @ Senai',1.6102010601670786,103.65715287633772),(98,'bef Jalan Sultanah Aminah',1.4918540438972152,103.78522939384607),(99,'Shell Kiosk @ Jalan Pasir Pelangi',1.490657221092022,103.7858710502786),(100,'Stulang Walk',1.473219175868682,103.77987903309756),(101,'Block 18',1.4712543517887378,103.78119274105374),(102,'Opp De\' Stulang',1.4694586265386058,103.7816131693062),(103,'Opp Sekolah Menengah Foon Yew',1.4670599696628617,103.77888348421564),(104,'R&F Mall',1.4604109500292848,103.76940139190562),(105,'Sekolah Menengah Foon Yew',1.4676191769542326,103.77928432996893),(106,'De\' Stulang',1.4695342095051989,103.78163137912482),(107,'Opp Istana Pasir Pelangi',1.47802564822168,103.78087113857356),(108,'The Mall, Mid Valley Southkey',1.5005936801337696,103.77679017331387),(109,'Aeon Taman Universiti',1.5423777121603113,103.62969894227055),(110,'UTM Fakulti Alam Bina',1.5598595502801802,103.63478382209261),(111,'Opp Block D10',1.5627697345949043,103.63645243799397),(112,'Opp C.I.C.T.',1.5627095018015627,103.63914999722523),(113,'Block P07 - Fakulti Kejuruteraan Elektrik',1.5604593962896607,103.64164333508509),(114,'aft Block P19A - Fakulti Kejuruteraan Elektrik',1.558167973564592,103.64021955093295),(115,'UTM Equine Park',1.5553378482590166,103.6410112229101),(116,'UTM Rumah Alumni',1.5533050263979893,103.6427117938282),(117,'Opp SJK (C) Kuo Kuang',1.528201281584724,103.67097274711804),(118,'bef Paradigm Mall',1.51926239182888,103.68206611709597),(119,'Paradigm Mall',1.514813892563429,103.6852375606564),(120,'Opp Saksama Otomobil',1.5121383386574008,103.68706591589486),(121,'Opp Petron Kiosk @ Taman Tampoi Indah',1.5088584686178155,103.68928902381539),(122,'Kompleks Pekan Rabu Johor Bahru',1.5008855908671468,103.69599314953071),(123,'Giant Tampoi',1.498877450327011,103.69886295948693),(124,'aft Lorong Betik',1.4969289341746932,103.70179963586516),(125,'Batu 5 Johor Street Market',1.4957308782478185,103.70353570332152),(126,'Plaza Angsana',1.494173589831715,103.70574439346098),(127,'Klinik Utama @ Jalan Padi 1',1.489587186962772,103.71219076437811),(128,'Opp Amitabha Centre',1.4871255056128097,103.72438547599789),(129,'Opp Shell Kiosk @ Jalan Tun Abdul Razak',1.4887834830210198,103.72764307910049),(130,'aft Shell Kiosk @ Jalan Tun Abdul Razak',1.4884998356693775,103.72760379017922),(131,'Amitabha Centre',1.4867890112545767,103.72429767112283),(132,'CIMB Bank',1.4888638795941063,103.71242062086549),(133,'Klinik Kesihatan Tampoi',1.4925296181173713,103.70708612019975),(134,'bef Shell Kiosk @ Kampung Pasir',1.4925322994125712,103.70707002694427),(135,'SK Kampung Pasir',1.4989947483511965,103.6980312919993),(136,'Opp Pulai View Condo',1.500912032218495,103.69531386622876),(137,'bef KIP Mart',1.5082150994789085,103.68916128086431),(138,'Opp Paradigm Mall',1.516395250789313,103.6837138895428),(139,'bef McDonald\'s',1.5230889877416085,103.67895937664424),(140,'SJK (C) Kuo Kuang',1.5280473244911534,103.67046271528375),(141,'aft Jalan Sri Skudai',1.548816799334225,103.65409455093105),(142,'bef UTM Main Gate',1.5568669736349259,103.63801336191919),(143,'UTM Main Gate (Exit)',1.5567743097422382,103.63729839383352),(144,'Opp AEON Taman Universiti',1.5419187249489392,103.62971573495227),(145,'Kulai Terminal',1.6626828053288385,103.59889110796522),(146,'Kulai Centre Point',1.6613642865126417,103.60372737912934),(147,'Opp SBS Enterprises (M) Sdn Bhd',1.6541744853842373,103.60971038276091),(148,'Opp Public Bank @ Jalan Susur Kulai 2',1.6509304328430152,103.61148553732649),(149,'Opp Pertubuhan Peladang Kawasan Kulai',1.6452580216482706,103.61649637358444),(150,'Opp Hospital Temenggong Seri Maharaja Tun Ibrahim Kulaijaya',1.6398209133282802,103.62466463309562),(151,'Opp Jalan Cermai',1.6359493158863123,103.62993165279192),(152,'Opp Stor JKR (D) Kulaijaya',1.633014316152999,103.63349819512037),(153,'Opp Wang Loo Motor Sdn Bhd',1.628655062754551,103.63807709630609),(154,'Opp Pejabat Lembaga Lebuhraya Malaysia',1.6203723172849367,103.64614936801505),(155,'Masjid Jamek Pekan Senai',1.6059365939653953,103.64761480488822),(156,'Opp Deway Motor Trading',1.6131991987249765,103.64710738509358),(157,'Pejabat Lembaga Lebuhraya Malaysia',1.6207882154385622,103.64552297418207),(158,'aft Jalan Kelah',1.6295962449739738,103.63695517790576),(159,'Stor JKR (D) Kulaijaya',1.6326708725405026,103.63339205387095),(160,'TJ Mart',1.6335971426643172,103.63241743186276),(161,'aft Jalan Cermai 7',1.635335030874363,103.63004451042003),(162,'bef Hospital Temenggong Seri Maharaja Tun Ibrahim Kulaijaya',1.6396010400006824,103.62474653372412),(163,'SMK Kulai Besar',1.6455913464676681,103.61572207605488),(164,'aft Persiaran Indahpura 4',1.6476804172092263,103.61361307604972),(165,'Persatuan Hokkien Kulai',1.651406692568061,103.61086172023629),(166,'SBS Enterprises (M) Sdn Bhd',1.6543330452855867,103.60950205361249),(167,'Opp Arked Kulai',1.6608994486573931,103.60422582209408);
/*!40000 ALTER TABLE `BusStop` ENABLE KEYS */;
UNLOCK TABLES;

--
-- Table structure for table `Edge`
--

DROP TABLE IF EXISTS `Edge`;
/*!40101 SET @saved_cs_client     = @@character_set_client */;
/*!50503 SET character_set_client = utf8mb4 */;
CREATE TABLE `Edge` (
  `EdgeID` int unsigned NOT NULL AUTO_INCREMENT,
  `FromBusStopID` int unsigned NOT NULL,
  `ToBusStopID` int unsigned NOT NULL,
  `RouteID` int unsigned NOT NULL,
  PRIMARY KEY (`EdgeID`),
  UNIQUE KEY `Edge_UN` (`EdgeID`),
  KEY `Edge_FK` (`FromBusStopID`),
  KEY `Edge_FK_1` (`ToBusStopID`),
  KEY `Edge_FK_2` (`RouteID`),
  CONSTRAINT `Edge_FK` FOREIGN KEY (`FromBusStopID`) REFERENCES `BusStop` (`BusStopID`) ON DELETE CASCADE ON UPDATE CASCADE,
  CONSTRAINT `Edge_FK_1` FOREIGN KEY (`ToBusStopID`) REFERENCES `BusStop` (`BusStopID`) ON DELETE CASCADE ON UPDATE CASCADE,
  CONSTRAINT `Edge_FK_2` FOREIGN KEY (`RouteID`) REFERENCES `BusRoute` (`RouteID`) ON DELETE CASCADE ON UPDATE CASCADE
) ENGINE=InnoDB AUTO_INCREMENT=235 DEFAULT CHARSET=utf8mb4 COLLATE=utf8mb4_0900_ai_ci;
/*!40101 SET character_set_client = @saved_cs_client */;

--
-- Dumping data for table `Edge`
--

LOCK TABLES `Edge` WRITE;
/*!40000 ALTER TABLE `Edge` DISABLE KEYS */;
INSERT INTO `Edge` VALUES (1,1,2,1),(2,2,3,2),(3,3,4,3),(4,4,5,4),(5,5,6,5),(6,6,7,6),(7,7,8,7),(8,8,9,8),(9,9,10,9),(10,10,11,10),(11,11,12,11),(12,12,13,12),(13,13,14,13),(14,14,15,14),(15,15,16,15),(16,16,17,16),(17,17,18,17),(18,18,1,18),(19,19,20,19),(20,20,21,20),(21,21,22,21),(22,22,23,22),(23,23,24,23),(24,24,25,24),(25,25,26,25),(26,26,27,26),(27,27,28,27),(28,28,29,28),(29,29,30,29),(30,30,31,30),(31,31,32,31),(32,32,33,32),(33,33,34,33),(34,34,35,34),(35,35,36,35),(36,36,37,36),(37,37,38,37),(38,38,39,38),(39,39,40,39),(40,40,41,40),(41,41,42,41),(42,42,43,42),(43,43,44,43),(44,44,45,44),(45,45,46,45),(46,46,47,46),(47,47,48,47),(48,48,49,48),(49,49,50,49),(50,50,51,50),(51,51,19,51),(52,52,53,52),(53,53,54,53),(54,54,55,54),(55,55,56,55),(56,56,57,56),(57,57,58,57),(58,58,59,58),(59,59,60,59),(60,60,61,60),(61,61,62,61),(62,62,63,62),(63,63,64,63),(64,64,65,64),(65,65,66,65),(66,66,67,66),(67,67,68,67),(68,68,69,68),(69,69,70,69),(70,70,71,70),(71,71,72,71),(72,72,73,72),(73,73,74,73),(74,74,75,74),(75,75,76,75),(76,76,77,76),(77,77,78,77),(78,78,52,78),(79,79,80,79),(80,80,81,80),(81,81,82,81),(82,82,83,82),(83,83,84,83),(84,84,85,84),(85,85,86,85),(86,86,87,86),(87,87,88,87),(88,88,89,88),(89,89,90,89),(90,90,91,90),(91,91,92,91),(92,92,67,92),(93,67,68,93),(94,68,69,94),(95,69,70,95),(96,70,93,96),(97,93,94,97),(98,94,95,98),(99,95,96,99),(100,96,97,100),(101,97,79,101),(102,19,98,102),(103,98,99,103),(104,99,100,104),(105,100,101,105),(106,101,102,106),(107,102,103,107),(108,103,104,108),(109,104,11,109),(110,11,12,111),(111,12,13,112),(112,13,105,113),(113,105,106,114),(114,106,107,115),(115,107,108,116),(116,108,20,117),(117,20,21,118),(118,21,50,119),(119,50,51,120),(120,51,19,121),(121,52,109,123),(122,109,110,124),(123,110,111,125),(124,111,112,126),(125,112,113,127),(126,113,114,128),(127,114,115,129),(128,115,116,130),(129,116,91,131),(130,91,92,132),(131,92,117,133),(132,117,118,134),(133,118,119,135),(134,119,120,136),(135,120,121,137),(136,121,122,138),(137,122,123,139),(138,123,124,140),(139,124,125,141),(140,125,126,142),(141,126,127,143),(142,127,128,144),(143,128,129,145),(144,129,1,146),(145,1,2,148),(146,2,130,149),(147,130,131,150),(148,131,132,151),(149,132,133,152),(150,133,134,153),(151,134,135,154),(152,135,136,155),(153,136,137,156),(154,137,138,157),(155,138,139,158),(156,139,140,159),(157,140,67,160),(158,67,68,161),(159,68,69,162),(160,69,70,163),(161,70,141,164),(162,141,73,165),(163,73,110,166),(164,110,111,167),(165,111,112,168),(166,112,113,169),(167,113,114,170),(168,114,142,171),(169,142,143,172),(170,143,144,173),(171,144,52,174),(172,145,146,176),(173,146,147,177),(174,147,148,178),(175,148,149,179),(176,149,150,180),(177,150,151,181),(178,151,152,182),(179,152,153,183),(180,153,154,184),(181,154,87,185),(182,87,88,186),(183,88,89,187),(184,89,90,188),(185,90,91,189),(186,91,92,190),(187,92,117,191),(188,117,118,192),(189,118,119,193),(190,119,120,194),(191,120,121,195),(192,121,122,196),(193,122,123,197),(194,123,124,198),(195,124,125,199),(196,125,126,200),(197,126,127,201),(198,127,128,202),(199,128,129,203),(200,129,1,204),(201,1,2,206),(202,2,130,207),(203,130,131,208),(204,131,132,209),(205,132,133,210),(206,133,134,211),(207,134,135,212),(208,135,136,213),(209,136,137,214),(210,137,138,215),(211,138,139,216),(212,139,140,217),(213,140,67,218),(214,67,68,219),(215,68,69,220),(216,69,70,221),(217,70,93,222),(218,93,94,223),(219,94,95,224),(220,95,96,225),(221,96,155,226),(222,155,156,227),(223,156,157,228),(224,157,158,229),(225,158,159,230),(226,159,160,231),(227,160,161,232),(228,161,162,233),(229,162,163,234),(230,163,164,235),(231,164,165,236),(232,165,166,237),(233,166,167,238),(234,167,145,239);
/*!40000 ALTER TABLE `Edge` ENABLE KEYS */;
UNLOCK TABLES;

--
-- Table structure for table `Schedule`
--

DROP TABLE IF EXISTS `Schedule`;
/*!40101 SET @saved_cs_client     = @@character_set_client */;
/*!50503 SET character_set_client = utf8mb4 */;
CREATE TABLE `Schedule` (
  `ScheduleID` int unsigned NOT NULL AUTO_INCREMENT,
  `RouteID` int unsigned NOT NULL,
  `Time` time NOT NULL,
  PRIMARY KEY (`ScheduleID`),
  UNIQUE KEY `Schedule_UN` (`ScheduleID`),
  KEY `Schedule_FK` (`RouteID`),
  CONSTRAINT `Schedule_FK` FOREIGN KEY (`RouteID`) REFERENCES `BusRoute` (`RouteID`) ON DELETE CASCADE ON UPDATE CASCADE
) ENGINE=InnoDB AUTO_INCREMENT=171 DEFAULT CHARSET=utf8mb4 COLLATE=utf8mb4_0900_ai_ci;
/*!40101 SET character_set_client = @saved_cs_client */;

--
-- Dumping data for table `Schedule`
--

LOCK TABLES `Schedule` WRITE;
/*!40000 ALTER TABLE `Schedule` DISABLE KEYS */;
INSERT INTO `Schedule` VALUES (1,1,'06:00:00'),(2,1,'06:25:00'),(3,1,'06:50:00'),(4,1,'07:15:00'),(5,1,'07:40:00'),(6,1,'08:05:00'),(7,1,'08:30:00'),(8,1,'09:00:00'),(9,1,'09:30:00'),(10,1,'10:00:00'),(11,1,'10:30:00'),(12,1,'11:00:00'),(13,1,'11:30:00'),(14,1,'12:00:00'),(15,1,'12:30:00'),(16,1,'13:00:00'),(17,1,'13:30:00'),(18,1,'14:00:00'),(19,1,'14:30:00'),(20,1,'15:00:00'),(21,1,'15:30:00'),(22,1,'16:00:00'),(23,1,'16:30:00'),(24,1,'17:00:00'),(25,1,'17:30:00'),(26,1,'18:00:00'),(27,1,'18:30:00'),(28,1,'19:00:00'),(29,1,'19:30:00'),(30,1,'20:00:00'),(31,1,'20:40:00'),(32,1,'21:20:00'),(33,1,'22:00:00'),(34,19,'06:00:00'),(35,19,'07:00:00'),(36,19,'08:00:00'),(37,19,'09:00:00'),(38,19,'10:00:00'),(39,19,'11:00:00'),(40,19,'12:00:00'),(41,19,'13:00:00'),(42,19,'14:00:00'),(43,19,'15:00:00'),(44,19,'16:00:00'),(45,19,'17:00:00'),(46,52,'06:00:00'),(47,52,'07:10:00'),(48,52,'08:30:00'),(49,52,'09:45:00'),(50,52,'11:00:00'),(51,52,'12:30:00'),(52,52,'13:45:00'),(53,52,'15:00:00'),(54,52,'16:30:00'),(55,52,'17:45:00'),(56,52,'19:00:00'),(57,79,'06:00:00'),(58,79,'07:00:00'),(59,79,'07:30:00'),(60,79,'08:30:00'),(61,79,'09:30:00'),(62,79,'10:30:00'),(63,79,'11:00:00'),(64,79,'12:00:00'),(65,79,'13:00:00'),(66,79,'14:00:00'),(67,79,'15:00:00'),(68,79,'16:00:00'),(69,79,'16:30:00'),(70,79,'17:30:00'),(71,79,'18:00:00'),(72,79,'19:00:00'),(73,102,'06:00:00'),(74,102,'06:20:00'),(75,102,'06:40:00'),(76,102,'07:00:00'),(77,102,'07:30:00'),(78,102,'08:00:00'),(79,102,'08:30:00'),(80,102,'09:00:00'),(81,102,'09:30:00'),(82,102,'10:00:00'),(83,102,'10:30:00'),(84,102,'11:00:00'),(85,102,'11:30:00'),(86,102,'12:00:00'),(87,102,'12:30:00'),(88,102,'13:00:00'),(89,102,'13:30:00'),(90,102,'14:00:00'),(91,102,'14:30:00'),(92,102,'15:00:00'),(93,102,'15:30:00'),(94,102,'16:00:00'),(95,102,'16:30:00'),(96,102,'17:00:00'),(97,102,'17:30:00'),(98,102,'18:00:00'),(99,102,'18:30:00'),(100,102,'19:00:00'),(101,102,'19:30:00'),(102,102,'20:00:00'),(103,111,'06:15:00'),(104,111,'06:35:00'),(105,111,'06:55:00'),(106,111,'07:15:00'),(107,111,'07:45:00'),(108,111,'08:15:00'),(109,111,'08:45:00'),(110,111,'09:15:00'),(111,111,'09:45:00'),(112,111,'10:15:00'),(113,111,'10:45:00'),(114,111,'11:15:00'),(115,111,'11:45:00'),(116,111,'12:15:00'),(117,111,'12:45:00'),(118,111,'13:15:00'),(119,111,'13:45:00'),(120,111,'14:15:00'),(121,111,'14:45:00'),(122,111,'15:15:00'),(123,111,'15:45:00'),(124,111,'16:15:00'),(125,111,'16:45:00'),(126,111,'17:15:00'),(127,111,'17:45:00'),(128,111,'18:15:00'),(129,111,'18:45:00'),(130,111,'19:15:00'),(131,111,'19:45:00'),(132,111,'20:15:00'),(133,123,'06:00:00'),(134,123,'07:10:00'),(135,123,'08:10:00'),(136,123,'09:10:00'),(137,123,'10:10:00'),(138,123,'11:10:00'),(139,123,'12:10:00'),(140,123,'13:10:00'),(141,123,'14:10:00'),(142,123,'15:10:00'),(143,123,'16:10:00'),(144,123,'17:10:00'),(145,123,'18:20:00'),(146,123,'19:15:00'),(147,148,'06:00:00'),(148,148,'06:45:00'),(149,148,'08:00:00'),(150,148,'09:00:00'),(151,148,'10:00:00'),(152,148,'11:00:00'),(153,148,'12:00:00'),(154,148,'13:00:00'),(155,148,'14:00:00'),(156,148,'15:00:00'),(157,148,'16:00:00'),(158,148,'17:00:00'),(159,148,'18:00:00'),(160,148,'19:10:00'),(161,176,'06:00:00'),(162,176,'09:00:00'),(163,176,'12:00:00'),(164,176,'14:30:00'),(165,176,'17:00:00'),(166,206,'07:15:00'),(167,206,'10:15:00'),(168,206,'13:15:00'),(169,206,'15:45:00'),(170,206,'18:15:00');
/*!40000 ALTER TABLE `Schedule` ENABLE KEYS */;
UNLOCK TABLES;

--
-- Table structure for table `Weight`
--

DROP TABLE IF EXISTS `Weight`;
/*!40101 SET @saved_cs_client     = @@character_set_client */;
/*!50503 SET character_set_client = utf8mb4 */;
CREATE TABLE `Weight` (
  `WeightID` int unsigned NOT NULL AUTO_INCREMENT,
  `EdgeID` int unsigned NOT NULL,
  `Weight` double NOT NULL DEFAULT '0',
  `Type` int NOT NULL DEFAULT '0',
  PRIMARY KEY (`WeightID`),
  UNIQUE KEY `Weight_UN` (`WeightID`),
  KEY `Weight_FK` (`EdgeID`),
  CONSTRAINT `Weight_FK` FOREIGN KEY (`EdgeID`) REFERENCES `Edge` (`EdgeID`) ON DELETE CASCADE ON UPDATE CASCADE
) ENGINE=InnoDB DEFAULT CHARSET=utf8mb4 COLLATE=utf8mb4_0900_ai_ci;
/*!40101 SET character_set_client = @saved_cs_client */;

--
-- Dumping data for table `Weight`
--

LOCK TABLES `Weight` WRITE;
/*!40000 ALTER TABLE `Weight` DISABLE KEYS */;
/*!40000 ALTER TABLE `Weight` ENABLE KEYS */;
UNLOCK TABLES;
/*!40103 SET TIME_ZONE=@OLD_TIME_ZONE */;

/*!40101 SET SQL_MODE=@OLD_SQL_MODE */;
/*!40014 SET FOREIGN_KEY_CHECKS=@OLD_FOREIGN_KEY_CHECKS */;
/*!40014 SET UNIQUE_CHECKS=@OLD_UNIQUE_CHECKS */;
/*!40101 SET CHARACTER_SET_CLIENT=@OLD_CHARACTER_SET_CLIENT */;
/*!40101 SET CHARACTER_SET_RESULTS=@OLD_CHARACTER_SET_RESULTS */;
/*!40101 SET COLLATION_CONNECTION=@OLD_COLLATION_CONNECTION */;
/*!40111 SET SQL_NOTES=@OLD_SQL_NOTES */;

-- Dump completed on 2023-03-21 18:29:57
